PURCHASECONTRACT;PURCHASECONTRACTITEM;RELEASEORDER;RELEASEORDERITEM;RELEASEORDERITEMORDERQUANTITY;RELEASEORDERITEMNETAMOUNT;RELEASEORDERITEMISDELETED;RELEASEORDERDATE;RELEASEORDERITEMQUANTITYUNIT;RELEASEORDERCURRENCY;RELEASEORDERITEMLASTCHGDATE;EXCHANGERATE;COMPANYCODE;PLANT;PURCHASINGORGANIZATION;PURCHASECONTRACTTYPE;PURCHASINGGROUP
4600000005;00010;4500000226;00010;1.000;10.00;;20181024;ST;USD;20181024;1.00000;1710;1710;1710;;
4600000009;00010;4500000473;00010;1.000;10.00;;20191014;ST;USD;20191014;1.00000;1710;1710;1710;;
4600000020;00010;4500000983;00010;1.000;10.00;;20201110;ST;USD;20201110;1.00000;1710;1710;1710;;
4600000020;00010;4500000985;00010;1.000;10.00;;20201110;ST;USD;20201110;1.00000;1710;1710;1710;;
4600000022;00010;4500001000;00010;10.000;100.00;;20201117;H;USD;20201117;1.00000;1710;1710;1710;;
4600000021;00010;4500001173;00010;1.000;10.00;;20211025;ST;USD;20211025;1.00000;1710;1710;1710;;
4600000035;00003;4500001446;00020;50.000;650.00;;20221110;H;USD;20221110;1.00000;1710;1710;1710;;
4600000038;00020;4500001744;00010;30.000;450.00;;20231031;ST;USD;20231031;1.00000;1710;1710;1710;;
4600000038;00020;4500001802;00010;1.000;15.00;;20231117;ST;USD;20231117;1.00000;1710;1710;1710;;
4600000038;00020;4500001812;00010;1.000;15.00;;20231120;ST;USD;20231120;1.00000;1710;1710;1710;;
4600000038;00020;4500001833;00010;1.000;15.00;;20240325;ST;USD;20240325;1.00000;1710;1710;1710;;
4600000038;00020;4500002142;00010;25.000;375.00;;20261002;ST;USD;20261001;1.00000;1710;1710;1710;;
4600000038;00020;4500002143;00010;1.000;15.00;;20261003;ST;USD;20261001;1.00000;1710;1710;1710;;
4600000038;00020;4500002144;00010;1.000;15.00;;20261002;ST;USD;20261001;1.00000;1710;1710;1710;;
4600000038;00020;4500002145;00010;1.000;15.00;;20261003;ST;USD;20261001;1.00000;1710;1710;1710;;
4600000041;00020;4500002146;00020;15.000;180.00;;20261002;ST;USD;20261002;1.00000;1710;1710;1710;;
4600000041;00030;4500002146;00010;10.000;135.00;;20261002;ST;USD;20261005;1.00000;1710;1710;1710;;
