BUSINESSPARTNER;SUPPLIER;BUSINESSPARTNERUUID;BUSINESSPARTNERCATEGORY;SUPPLIERACCOUNTGROUP;TITLESUPPLIER;INTERNATIONALLOCATIONNUMBER1;INTERNATIONALLOCATIONNUMBER2;INTERNATIONALLOCATIONNUMBER3;REFERENCEACCOUNTGROUP;SUPPLIERALTERNATIVEPAYEE;CUSTOMER;POSTINGISBLOCKED;PURCHASINGISBLOCKED;VATLIABILITY;PAYMENTISBLOCKEDFORSUPPLIER;SUPLRPROOFOFDELIVRLVTCODE;BR_TAXISSPLIT;ISACTIVEENTITY;AUTHORIZATIONGROUP;ISTOBEACCEPTEDATORIGIN;SUPPLIERCORPORATEGROUP;RESPONSIBLETYPE;FISCALADDRESS;SUPPLIERPROCUREMENTBLOCK;DATAEXCHANGEINSTRUCTIONKEY;BPISEQUALIZATIONTAXSUBJECT;BRSPCFCTAXBASEPERCENTAGECODE;DATAMEDIUMEXCHANGEINDICATOR;TRANSPSERVICEAGENTSTSTCGRP;TAXNUMBERRESPONSIBLE;TAXNUMBERTYPE;SUPLRQUALITYMANAGEMENTSYSTEM;SUPLRQLTYINPROCMTCERTFNVALIDTO;SUPPLIERISSUBRANGERELEVANT;TRAINSTATIONNAME;ALTERNATIVEPAYEEISALLOWED;PAYTSLIPWTHREFSUBSCRIBER;SUPPLIERISPLANTRELEVANT;FACTORYCALENDAR;SUPPLIERPLANT;DELETIONINDICATOR;ISBUSINESSPURPOSECOMPLETED;PAYMENTREASON;SUPPLIERCENTRALDELETIONISBLOCK;DATACONTROLLERSET;DATACONTROLLER1;DATACONTROLLER2;DATACONTROLLER3;DATACONTROLLER4;DATACONTROLLER5;DATACONTROLLER6;DATACONTROLLER7;DATACONTROLLER8;DATACONTROLLER9;DATACONTROLLER10;ISONETIMEACCOUNT;BUSINESSPARTNERPANNUMBER
0010200001;0010200001;0EB063A8AB041ED7AD84766508DFEA4F;2;SUPL;Company;0000000;00000;0;;;0010200001;;;;;;;X;;;;;;;;;0;;;;;;00000000;;;;;;;;;;;;;;;;;;;;;;;;
0010300015;0010300015;41734E1583BB1EED93C8594822384A7E;2;SUPL;Company;0000000;00000;0;;;;;;;;;;X;;;;;;;;;0;;;;;;00000000;;;;;;;;;;;;;;;;;;;;;;;;
0017300031;0017300031;0ADC9D1324481ED7AAB23E235FE1BC5D;2;SUPL;Company;0000000;00000;0;;;;;;;;;X;X;;;;;;;;;0;;;;;;00000000;;;;;;;;;;;;;;;;;;;;;;;;
0017300273;0017300273;0ADC9D1324481ED7AAB21202ED3B7C02;2;CPD;Company;0000000;00000;0;;;;;;;;;;X;;;;;;;;;0;;;;;;00000000;;;;;;;;;;;;;;;;;;;;;;;X;
0010300016;0010300016;41734E1583BB1EED93C859482239AA7E;2;SUPL;Company;0000000;00000;0;;;;;;;;;;X;;;;;;;;;0;;;;;;00000000;;;;;;;;;;;;;;;;;;;;;;;;
0017300002;0017300002;0ADC9D1324481ED7AAB20F55733AFC01;2;SUPL;Company;0000000;00000;0;;;;;;;;;;X;;;;;;;;;0;;;;;;00000000;;;;;;;;;;;;;;;;;;;;;;;;
0017300032;0017300032;0ADC9D1324481ED7AAB241397FCF7C5D;2;SUPL;Company;0000000;00000;0;;;;;;;;;X;X;;;;;;;;;0;;;;;;00000000;;;;;;;;;;;;;;;;;;;;;;;;
0017300033;0017300033;0ADC9D1324481ED7AAB243FA4075FC5E;2;SUPL;Company;0000000;00000;0;;;;;;;;;X;X;;;;;;;;;0;;;;;;00000000;;;;;;;;;;;;;;;;;;;;;;;;
0017300034;0017300034;0ADC9D1324481ED7AAB246BCB162FC5E;2;SUPL;Company;0000000;00000;0;;;;;;;;;X;X;;;;;;;;;0;;;;;;00000000;;;;;;;;;;;;;;;;;;;;;;;;
DVVEND_US;DVVEND_US;41734E1583BB1EED93CA34D1BB37973C;2;SUPL;Company;0000000;00000;0;;;;;;;;;;X;;;;;;;;;0;;;;;;00000000;;;;;;;;;;;;;;;;;;;;;;;;
0017300090;0017300090;0ADC9D1324481EE7AABF0ED55771382E;2;SUPL;Company;0000000;00000;0;;;;;;;;;;X;;;;;;;;;0;;;;;;00000000;;;;;;;;;;;;;;;;;;;;;;;;
0010300017;0010300017;41734E1583BB1EED93C85948223B0A7E;2;SUPL;Company;0000000;00000;0;;;;;;;;;;X;;;;;;;;;0;;;;;;00000000;;;;;;;;;;;;;;;;;;;;;;;;
0010300019;0010300019;41734E1583BB1EED93C85948223C6A7E;2;SUPL;Company;0000000;00000;0;;;;;;;;;;X;;;;;;;;;0;;;;;;00000000;;;;;;;;;;;;;;;;;;;;;;;;
0017300007;0017300007;0ADC9D1324481EE7AABEE600838A77CD;2;SUPL;Company;0000000;00000;0;;;0017100007;;;;;;;X;;;;;;;;;0;;;;;;00000000;;;;;;;;;;;;;;;;;;;;;;;;
EWM17-SU01;EWM17-SU01;0ADC9D1324481ED7AAC4186E643DE3E8;2;SUPL;Company;0000000;00000;0;;;;;;;;;;X;;;;;;;;;0;;;;;;00000000;;;;;;;;;;;;;;;;;;;;;;;;
DVVEND_DE;DVVEND_DE;41734E1583BB1EED93C8BB11C5CF2D20;2;SUPL;Company;0000000;00000;0;;;;;;;;;;X;;;;;;;;;0;;;;;;00000000;;;;;;;;;;;;;;;;;;;;;;;;
USSU-VSF01;USSU-VSF01;0ADC9D1324481EE7AADFA40C9850F2FB;2;LIEF;Company;0000000;00000;0;;;;;;;;;;X;;;;;;;;;0;;;;;;00000000;;;;;;;;;;;;;;;;;;;;;;;;
USSU-VSF02;USSU-VSF02;0ADC9D1324481EE7AADFB8CDBC82B317;2;LIEF;Company;0000000;00000;0;;;;;;;;;;X;;;;;;;;;0;;;;;;00000000;;;;;;;;;;;;;;;;;;;;;;;;
USSU-VSF03;USSU-VSF03;0ADC9D1324481EE7AADFB8CDBC839317;2;LIEF;Company;0000000;00000;0;;;;;;;;;;X;;;;;;;;;0;;;;;;00000000;;;;;;;;;;;;;;;;;;;;;;;;
USSU-VSF04;USSU-VSF04;0ADC9D1324481EE7AADFB8CDBC847317;2;LIEF;Company;0000000;00000;0;;;;;;;;;;X;;;;;;;;;0;;;;;;00000000;;;;;;;;;;;;;;;;;;;;;;;;
USSU-VSF05;USSU-VSF05;0ADC9D1324481EE7AADFB8CDBC855317;2;LIEF;Company;0000000;00000;0;;;;;;;;;;X;;;;;;;;;0;;;;;;00000000;;;;;;;;;;;;;;;;;;;;;;;;
USSU-VSF06;USSU-VSF06;0ADC9D1324481EE7AADFB8CDBC863317;2;LIEF;Company;0000000;00000;0;;;;;;;;;;X;;;;;;;;;0;;;;;;00000000;;;;;;;;;;;;;;;;;;;;;;;;
USSU-VSF07;USSU-VSF07;0ADC9D1324481EE7AADFB8CDBC871317;2;LIEF;Company;0000000;00000;0;;;;;;;;;;X;;;;;;;;;0;;;;;;00000000;;;;;;;;;;;;;;;;;;;;;;;;
USSU-VSF08;USSU-VSF08;0ADC9D1324481EE7AADFB8CDBC87F317;2;LIEF;Company;0000000;00000;0;;;;;;;;;;X;;;;;;;;;0;;;;;;00000000;;;;;;;;;;;;;;;;;;;;;;;;
USSU-VSF50;USSU-VSF50;0ADC9D1324481EE7AADFB8CDBC88F317;1;LIEF;Mr.;0000000;00000;0;;;;;;;;;;X;;;;;;;;;0;;;;;;00000000;;;;;;;;;;;;;;;;;;;;;;;;
USSU-VSF51;USSU-VSF51;0ADC9D1324481EE7AADFB8CDBC8A1317;1;LIEF;Mr.;0000000;00000;0;;;;;;;;;;X;;;;;;;;;0;;;;;;00000000;;;;;;;;;;;;;;;;;;;;;;;;
USSU-VSF52;USSU-VSF52;0ADC9D1324481EE7AADFB8CDBC8B3317;1;LIEF;Mr.;0000000;00000;0;;;;;;;;;;X;;;;;;;;;0;;;;;;00000000;;;;;;;;;;;;;;;;;;;;;;;;
USSU-VSF53;USSU-VSF53;0ADC9D1324481EE7AADFB8CDBC8C5317;1;LIEF;Mr.;0000000;00000;0;;;;;;;;;;X;;;;;;;;;0;;;;;;00000000;;;;;;;;;;;;;;;;;;;;;;;;
USSU-VSF54;USSU-VSF54;0ADC9D1324481EE7AADFB8CDBC8D7317;1;LIEF;Mr.;0000000;00000;0;;;;;;;;;;X;;;;;;;;;0;;;;;;00000000;;;;;;;;;;;;;;;;;;;;;;;;
USSU-VSF55;USSU-VSF55;0ADC9D1324481EE7AADFB8CDBC8E9317;1;LIEF;Mr.;0000000;00000;0;;;;;;;;;;X;;;;;;;;;0;;;;;;00000000;;;;;;;;;;;;;;;;;;;;;;;;
USSU-VSF56;USSU-VSF56;0ADC9D1324481EE7AADFB8CDBC8FB317;1;LIEF;Mr.;0000000;00000;0;;;;;;;;;;X;;;;;;;;;0;;;;;;00000000;;;;;;;;;;;;;;;;;;;;;;;;
9000000026;ABC;1246368BD7AA1EDA80F4E7C1E24A5F2B;1;0001;Mr.;0000000;00000;0;;;;;;;;;;X;;;;;;;;;0;;;;;;00000000;X;;;;X;;;;;;;;;;;;;;;;;;;
0010300082;0010300082;0EB063A8AB041EE7ACF8234576ED2F37;2;SUPL;Company;0000000;00000;0;;;;;;;;;;X;;;;;;;;;0;;;;;;00000000;;;;;;;;;;;;;;;;;;;;;;;;
0010300002;0010300002;0EB063A8AB041ED7ACEF6FDB0254FC46;2;SUPL;Company;0000000;00000;0;;;;;;;;;;X;;;;;;;;;0;;;;;;00000000;;;;;;;;;;;;;;;;;;;;;;;;
0010300273;0010300273;0EB063A8AB041ED7ACEF72EE81A87C46;2;CPD;Company;0000000;00000;0;;;;;;;;;;X;;;;;;;;;0;;;;;;00000000;;;;;;;;;;;;;;;;;;;;;;;X;
0010300006;0010300006;0EB063A8AB041ED7ACEFD30712B27D30;2;SUPL;Company;0000000;00000;0;;;0010100006;;;;;;;X;;;;;;;;;0;;;;;;00000000;;;;;;;;;;;;;;;;;;;;;;;;
EWM10-SU01;EWM10-SU01;0EB063A8AB041ED7AD88D2FCD96E7410;2;SUPL;Company;0000000;00000;0;;;;;;;;;;X;;;;;;;;;0;;;;;;00000000;;;;;;;;;;;;;;;;;;;;;;;;
0010300080;0010300080;0EB063A8AB041EE7ACF81C24278E6F33;2;SUPL;Company;0000000;00000;0;;;;;;;;;;X;;;;;;;;;0;;;;;;00000000;;;;;;;;;;;;;;;;;;;;;;;;
0010300081;0010300081;0EB063A8AB041EE7ACF820A1307DAF34;2;SUPL;Company;0000000;00000;0;;;;;;;;;;X;;;;;;;;;0;;;;;;00000000;;;;;;;;;;;;;;;;;;;;;;;;
0010300083;0010300083;0EB063A8AB041EE7ACF8261D80506F57;2;SUPL;Company;0000000;00000;0;;;;;;;;;;X;;;;;;;;;0;;;;;;00000000;;;;;;;;;;;;;;;;;;;;;;;;
0010300007;0010300007;0EB063A8AB041EE7ACF836A4F337AF62;2;SUPL;Company;0000000;00000;0;;;0010100007;;;;;;;X;;;;;;;;;0;;;;;;00000000;;;;;;;;;;;;;;;;;;;;;;;;
0010300090;0010300090;0EB063A8AB041EE7ACF84657FF91EF90;2;SUPL;Company;0000000;00000;0;;;;;;;;;;X;;;;;;;;;0;;;;;;00000000;;;;;;;;;;;;;;;;;;;;;;;;
0010300010;0010300010;0AD0658A6F041EE8B7952FE22DC5AA13;2;SUPL;Company;0000000;00000;0;;;0010300010;;;;;;;X;;;;;;;;;0;;;;;;00000000;;;;;;;;;;;;;;;;;;;;;;;;
9980000000;9980000000;0ADC9D1324481EE7AB9DC7DA1E36D7FE;1;EMPL;Mr.;0000000;00000;0;;;;;;;;;;X;;;;;;;;;0;;;;;;00000000;;;;;;;;;;;;;;;;;;;;;;;;
0003000010;0003000010;0A7C457F45501ED98DBBBD8E8ABA8160;2;KRED;Company;0000000;00000;0;;;;;;;;;;X;;;;;;;;;0;;;;;;00000000;;;;;;;;;;;;;;;;;;;;;;;;
0017300010;0017300010;0AD0658A6F041ED8B381BAC8BF8CA471;2;SUPL;Company;0000000;00000;0;;;0017300010;;;;;;;X;;;;;;;;;0;;;;;;00000000;;;;;;;;;;;;;;;;;;;;;;;;
0010100002;0010100002;0EB063A8AB041ED7ACEF635E519F3C3C;2;SUPL;Company;0000000;00000;0;;;;;;;;;;X;;;;;;;;;0;;;;;;00000000;;;;;;;;;;;;;;;;;;;;;;;;
0017300080;0017300080;0ADC9D1324481EE7AABECC23B4CD7798;2;SUPL;Company;0000000;00000;0;;;;;;;;;;X;;;;;;;;;0;;;;;;00000000;;;;;;;;;;;;;;;;;;;;;;;;
0017300081;0017300081;0ADC9D1324481EE7AABED083D6017799;2;SUPL;Company;0000000;00000;0;;;;;;;;;;X;;;;;;;;;0;;;;;;00000000;;;;;;;;;;;;;;;;;;;;;;;;
0017300082;0017300082;0ADC9D1324481EE7AABED32A3FE4779B;2;SUPL;Company;0000000;00000;0;;;;;;;;;;X;;;;;;;;;0;;;;;;00000000;;;;;;;;;;;;;;;;;;;;;;;;
0017300083;0017300083;0ADC9D1324481EE7AABED6041827F79F;2;SUPL;Company;0000000;00000;0;;;;;;;;;;X;;;;;;;;;0;;;;;;00000000;;;;;;;;;;;;;;;;;;;;;;;;
0017401710;0017401710;41734E1583BB1EED93CA4682243597A0;2;SUPL;Company;0000000;00000;0;;;0017401710;;;;;;;X;;;;;;;;;0;;;;;;00000000;;;;;;;;;;;;;;;;;;;;;;;;
9980000030;9980000030;0A6EC3B5F4441ED7B1AA8EEE11C4A6C8;1;EMPL;Mr.;0000000;00000;0;;;;;;;;;;X;;;;;;;;;0;;;;;;00000000;;;;;;;;;;;;;;;;;;;;;;;;
9980000065;9980000065;126EE31C69721EE88CD967AE502B97DA;1;EMPL;Ms.;0000000;00000;0;;;;;;;;;;X;;;;;;;;;0;;;;;;00000000;;;;;;;;;;;;;;;;;;;;;;;;
9980000064;9980000064;126EE31C69721EE88CD94F9FC67017BD;1;EMPL;Mr.;0000000;00000;0;;;;;;;;;;X;;;;;;;;;0;;;;;;00000000;;;;;;;;;;;;;;;;;;;;;;;;
9000000024;0000643266;1246368BD7AA1ED9BD99796FCBECD6CB;1;0001;Ms.;0000000;00000;0;;;;;;;;;;X;;;;;;;;;0;;;;;;00000000;X;;;;X;;;;;;;;;;;;;;;;;;;
9980000130;9980000130;0AC8D7DFA3A71EEB86A66E7BC322576B;1;EMPL;Mr.;0000000;00000;0;;;;;;;;;;X;;;;;;;;;0;;;;;;00000000;;;;;;;;;;;;;;;;;;;;;;;;
9980000140;9980000140;0AC8D7DFA3A71EEB86B8FF1728F8DE8D;1;EMPL;Mr.;0000000;00000;0;;;;;;;;;;X;;;;;;;;;0;;;;;;00000000;;;;;;;;;;;;;;;;;;;;;;;;
9980000141;9980000141;0AC8D7DFA3A71EEB86BAD7BD8C23DF40;1;EMPL;Ms.;0000000;00000;0;;;;;;;;;;X;;;;;;;;;0;;;;;;00000000;;;;;;;;;;;;;;;;;;;;;;;;
0010300001;0010300001;0EB063A8AB041ED7ACEF6AA705003C3F;2;SUPL;Company;0000000;00000;0;;;;;;;;;;X;;;;;;;;;0;;;;;;00000000;;;;;;;;;;;;;;;;;;;;;;;;
0001000109;0001000109;12BC0C10DAAF1EEA969051382D95CED4;2;SUPL;;0000000;00000;0;;;;;;;;;;X;;;;;;;;;0;;;;;;00000000;;;;;;;;;;;;;;;;;;;;;;;;
9980000070;9980000070;126EE31C69721EE88EAC5E4D9CF617E9;1;EMPL;Mr.;0000000;00000;0;;;;;;;;;;X;;;;;;;;;0;;;;;;00000000;;;;;;;;;;;;;;;;;;;;;;;;
9980000010;9980000010;0EB063A8AB041EE7AFE9D4A4F6D01DB8;1;EMPL;Mr.;0000000;00000;0;;;;;;;;;;X;;;;;;;;;0;;;;;;00000000;;;;;;;;;;;;;;;;;;;;;;;;
9980000100;9980000100;12BC0C10DAAF1EEA9690C2E12CDDCF84;1;EMPL;;0000000;00000;0;;;;;;;;;;X;;;;;;;;;0;;;;;;00000000;;;;;;;;;;;;;;;;;;;;;;;;
BP1710;BP1710;0ADC9D1324481ED7AAC44F9E9FE6244E;2;SUPL;Company;0000000;00000;0;;;;;;;;;;X;;;;;;;;;0;;;;;;00000000;;;;;;;1710;;;;;;;;;;;;;;;;;
0017300003;0017300003;0AD0658A6F041ED8B2EA0E3187EF1DAC;2;SUPL;Company;0000000;00000;0;;;;;;;;;;X;;;;;;;;;0;;;;;;00000000;;;;;;;;;;;;;;;;;;;;;;;;
0017258001;0017258001;0A85CC0F54DB1EDB8486DA904D730F6A;2;SUPL;Company;0000000;00000;0;;;0017258001;;;;;;;X;;;;;;;;;0;;;;;;00000000;;;;;;;;;;;;;;;;;;;;;;;;
0017258002;0017258002;0A85CC0F54DB1EDB8486DA904D746F6A;2;SUPL;Company;0000000;00000;0;;;0017258002;;;;;;;X;;;;;;;;;0;;;;;;00000000;;;;;;;;;;;;;;;;;;;;;;;;
0017258003;0017258003;0A85CC0F54DB1EDB8486DA904D75CF6A;2;SUPL;Company;0000000;00000;0;;;0017258003;;;;;;;X;;;;;;;;;0;;;;;;00000000;;;;;;;;;;;;;;;;;;;;;;;;
0010300003;0010300003;0AD0658A6F041EE8B7938756DD8527C4;2;SUPL;Company;0000000;00000;0;;;;;;;;;;X;;;;;;;;;0;;;;;;00000000;;;;;;;;;;;;;;;;;;;;;;;;
BP1010;BP1010;0EB063A8AB041ED7AD8914E30EB2B49C;2;SUPL;Company;0000000;00000;0;;;;;;;;;;X;;;;;;;;;0;;;;;;00000000;;;;;;;1010;;;;;;;;;;;;;;;;;
0010300095;0010300095;0AD0658A6F041EE8B7953B9D55482A1B;2;SUPL;Company;0000000;00000;0;;;0010300010;;;;;;;X;;;;;;;;;0;;;;;;00000000;;;;;;;;;;;;;;;;;;;;;;;;
MDG_CU02;MDG_CU02;0A7C457F45501ED98DBDDCC41A00A411;2;LIEF;;0000000;00000;0;;;MDG_CU02;;;;;;;X;;;;;;;;;0;;;;;;00000000;;;;;;;;;;;;;;;;;;;;;;;;
0017300001;0017300001;0ADC9D1324481ED7AAB20A027B20BBDB;2;SUPL;;0000000;00000;0;;;0017300001;;;;;;X;X;;;;;;;;;0;;;;;;00000000;;;;;;;;;;;;;;;;;;;;;;;;
0017300006;0017300006;0ADC9D1324481ED7AAB332DE1E31BE2F;2;SUPL;Company;0000000;00000;0;;;0017100006;;;;;;;X;;;;;;;;;0;;;;;;00000000;;;;;;;;;;;;;;;;;;;;;;;;
9980000170;9980000170;0AC8D7DFA3A71EEB8BE0093AD6B2574C;1;EMPL;Ms.;0000000;00000;0;;;;;;;;;;X;;;;;;;;;0;;;;;;00000000;;;;;;;;;;;;;;;;;;;;;;;;
9980000180;9980000180;0AC0649DE75F1EDBB2EC33ADE32D8728;1;EMPL;Mr.;0000000;00000;0;;;;;;;;;;X;;;;;;;;;0;;;;;;00000000;;;;;;;;;;;;;;;;;;;;;;;;
0010300096;0010300096;0ECF98CB3DD71EDC8C9F7F78FA69C1BA;2;SUPL;Company;0000000;00000;0;;;;;;;;;;X;;;;;;;;;0;;;;;;00000000;;;;;;;;;;;;;;;;;;;;;;;;
0010300085;0010300085;0ECF98CB3DD71EDC8C9FD0E8CA1741BA;2;SUPL;Company;0000000;00000;0;;;;;;;;;;X;;;;;;;;;0;;;;;;00000000;;;;;;;;;;;;;;;;;;;;;;;;
0010300086;0010300086;0ECF98CB3DD71EDC8C9FD0E8CA18A1BA;2;SUPL;Company;0000000;00000;0;;;;;;;;;;X;;;;;;;;;0;;;;;;00000000;;;;;;;;;;;;;;;;;;;;;;;;
0010300050;0010300050;0ECF98CB3DD71EDC8CA0135E6D0601BA;2;SUPL;Company;0000000;00000;0;;;;;;;;;;X;;;;;;;;;0;;;;;;00000000;;;;;;;;;;;;;;;;;;;;;;;;
0017386001;0017386001;1258E2B9D8101ED7BFF9D4AE8456CE02;2;SUPL;;0000000;00000;0;;;;;;;;;;X;;;;;;;;;0;;;;;;00000000;;;;;;;;;;;;;;;;;;;;;;;;
0017386002;0017386002;1258E2B9D8101EE8808FADB1809C19D8;2;SUPL;;0000000;00000;0;;;;;;;;;;X;;;;;;;;;0;;;;;;00000000;;;;;;;;;;;;;;;;;;;;;;;;
0017386003;0017386003;1258E2B9D8101EE8808FCBCAABECDA0B;2;SUPL;;0000000;00000;0;;;;;;;;;;X;;;;;;;;;0;;;;;;00000000;;;;;;;;;;;;;;;;;;;;;;;;
0017386004;0017386004;1258E2B9D8101EE8808FFCCFA6811A92;2;SUPL;;0000000;00000;0;;;;;;;;;;X;;;;;;;;;0;;;;;;00000000;;;;;;;;;;;;;;;;;;;;;;;;
0010300051;0010300051;0ECF98CB3DD71EDC8CA0135E6D0761BA;2;SUPL;Company;0000000;00000;0;;;;;;;;;;X;;;;;;;;;0;;;;;;00000000;;;;;;;;;;;;;;;;;;;;;;;;
9980000020;9980000020;0EB063A8AB041EE7B09CD402E8A2270E;1;EMPL;Ms.;0000000;00000;0;;;;;;;;;;X;;;;;;;;;0;;;;;;00000000;;;;;;;;;;;;;;;;;;;;;;;;
9980000071;9980000071;126EE31C69721EE88EAC60FC382B37ED;1;EMPL;Ms.;0000000;00000;0;;;;;;;;;;X;;;;;;;;;0;;;;;;00000000;;;;;;;;;;;;;;;;;;;;;;;;
9980000072;9980000072;126EE31C69721EE88EAC60FC382E37ED;1;EMPL;Mr.;0000000;00000;0;;;;;;;;;;X;;;;;;;;;0;;;;;;00000000;;;;;;;;;;;;;;;;;;;;;;;;
9980000068;9980000068;126EE31C69721ED88CE3E7B3A308C4D9;1;EMPL;Mr.;0000000;00000;0;;;;;;;;;;X;;;;;;;;;0;;;;;;00000000;;;;;;;;;;;;;;;;;;;;;;;;
9980000073;9980000073;126EE31C69721EE88EAC60FC383117ED;1;EMPL;Mr.;0000000;00000;0;;;;;;;;;;X;;;;;;;;;0;;;;;;00000000;;;;;;;;;;;;;;;;;;;;;;;;
9980000074;9980000074;126EE31C69721EE88EAC60FC3833F7ED;1;EMPL;Ms.;0000000;00000;0;;;;;;;;;;X;;;;;;;;;0;;;;;;00000000;;;;;;;;;;;;;;;;;;;;;;;;
9980000075;9980000075;126EE31C69721EE88EAC611FA119B7ED;1;EMPL;Mr.;0000000;00000;0;;;;;;;;;;X;;;;;;;;;0;;;;;;00000000;;;;;;;;;;;;;;;;;;;;;;;;
9980000066;9980000066;126EE31C69721ED88CE3BD73298784B2;1;EMPL;Mr.;0000000;00000;0;;;;;;;;;;X;;;;;;;;;0;;;;;;00000000;;;;;;;;;;;;;;;;;;;;;;;;
9980000067;9980000067;126EE31C69721ED88CE3D2DDA25004CA;1;EMPL;Ms.;0000000;00000;0;;;;;;;;;;X;;;;;;;;;0;;;;;;00000000;;;;;;;;;;;;;;;;;;;;;;;;
9980000091;9980000091;0AD0658A6F041ED8B8D05207358B52F5;1;EMPL;Ms.;0000000;00000;0;;;;;;;;;;X;;;;;;;;;0;;;;;;00000000;;;;;;;;;;;;;;;;;;;;;;;;
0017300095;0017300095;0AD0658A6F041ED8B3822A0B607FA528;2;SUPL;Company;0000000;00000;0;;;;;;;;;;X;;;;;;;;;0;;;;;;00000000;;;;;;;;;;;;;;;;;;;;;;;;
0017300096;0017300096;0ECF98CB3DD71EDC8CA35DD7F61A01BA;2;SUPL;Company;0000000;00000;0;;;;;;;;;;X;;;;;;;;;0;;;;;;00000000;;;;;;;;;;;;;;;;;;;;;;;;
0017300085;0017300085;0ECF98CB3DD71EDC8CA3A1538AE901BA;2;SUPL;Company;0000000;00000;0;;;;;;;;;;X;;;;;;;;;0;;;;;;00000000;;;;;;;;;;;;;;;;;;;;;;;;
0017300086;0017300086;0ECF98CB3DD71EDC8CA3A1538AEA61BA;2;SUPL;Company;0000000;00000;0;;;;;;;;;;X;;;;;;;;;0;;;;;;00000000;;;;;;;;;;;;;;;;;;;;;;;;
0017300050;0017300050;0ECF98CB3DD71EDC8CA41B61F31EC1BA;2;SUPL;Company;0000000;00000;0;;;;;;;;;;X;;;;;;;;;0;;;;;;00000000;;;;;;;;;;;;;;;;;;;;;;;;
0017300051;0017300051;0ECF98CB3DD71EDC8CA41B61F32021BA;2;SUPL;Company;0000000;00000;0;;;;;;;;;;X;;;;;;;;;0;;;;;;00000000;;;;;;;;;;;;;;;;;;;;;;;;
0017300030;0017300030;0ADC9D1324481ED7AAB2397BC961FC5B;2;SUPL;Company;0000000;00000;0;;;;;;;;;X;X;;;;;;;;;0;;;;;;00000000;;;;;;;;;;;;;;;;;;;;;;;;
9980000081;9980000081;0AD0658A6F041EE8B8BCDC88EEC1934D;1;EMPL;Mr.;0000000;00000;0;;;;;;;;;;X;;;;;;;;;0;;;;;;00000000;;;;;;;;;;;;;;;;;;;;;;;;
9000000022;9000000022;0AD0658A6F041ED8B8D62CBD3F829C60;1;0001;Mr.;0000000;00000;0;;;;;;;;;;X;;;;;;;;;0;;;;;;00000000;;;;;;;;;;;;;;;;;;;;;;;;
9980000090;9980000090;0AD0658A6F041ED8B8D00C94E96B1287;1;EMPL;Mr.;0000000;00000;0;;;;;;;;;;X;;;;;;;;;0;;;;;;00000000;;;;;;;;;;;;;;;;;;;;;;;;
9980000092;9980000092;0AD0658A6F041ED8B8D062BA48591314;1;EMPL;Mr.;0000000;00000;0;;;;;;;;;;X;;;;;;;;;0;;;;;;00000000;;;;;;;;;;;;;;;;;;;;;;;;
0017386005;0017386005;0AD0658A6F041ED8B9E249E243A90E51;2;SUPL;Company;0000000;00000;0;;;;;;;;;;X;;;;;;;;;0;;;;;;00000000;;;;;;;;;;;;;;;;;;;;;;;;
0003000001;0003000001;0A7C457F45501ED98C8EA8E96E1A4D14;2;KRED;Company;0000000;00000;0;;;;;;;;;;X;;;;;;;;;0;;;;;;00000000;;;;;;;;;;;;;;;;;;;;;;;;
9980000190;9980000190;B799D4574A1E1EDD96D412309D604232;1;EMPL;Ms.;0000000;00000;0;;;;;;;;;;X;;;;;;;;;0;;;;;;00000000;;;;;;;;;;;;;;;;;;;;;;;;
9980000200;9980000200;892DA59289801EED97A24357EFAFC373;1;EMPL;Ms.;0000000;00000;0;;;;;;;;;;X;;;;;;;;;0;;;;;;00000000;;;;;;;;;;;;;;;;;;;;;;;;
BP1001660;BP1001660;892DA59289801EED97A547897C3F96B6;2;SUPL;Company;0000000;00000;0;;;;;;;;;;X;;;;;;;;;0;;;;;;00000000;;;;;;;FORP;;;;;;;;;;;;;;;;;
BP1001650;BP1001650;892DA59289801EED97A55CDEEE575763;2;SUPL;Company;0000000;00000;0;;;BP1001650;;;;;;;X;;;;;;;;;0;;;;;;00000000;;;;;;;;;;;;;;;;;;;;;;;;
BP1001489;BP1001489;892DA59289801EED97A57F385D57584A;2;SUPL;Company;0000000;00000;0;;;;;;;;;;X;;;;;;;;;0;;;;;;00000000;;;;;;;FOBP;;;;;;;;;;;;;;;;;
0017300084;0017300084;8F5CDF6292CB1EED99E56706A6AF99B0;2;SUPL;Company;0000000;00000;0;;;0017300084;;;;;;;X;;;;;;;;;0;;;;;;00000000;;;;;;;;;;;;;;;;;;;;;;;;
0010401010;0010401010;41734E1583BB1EED93C8CE924DEE8DB8;2;SUPL;Company;0000000;00000;0;;;0010401010;;;;;;;X;;;;;;;;;0;;;;;;00000000;;;;;;;;;;;;;;;;;;;;;;;;
0017411710;0017411710;1258E2B9D8101EE88090E0AD72DA5C75;2;SUPL;;0000000;00000;0;;;;;;;;;;X;;;;;;;;;0;;;;;;00000000;;;;;;;;;;;;;;;;;;;;;;;;
0010411010;0010411010;0FD6BE8AF4491EED9AF01215F45241E2;2;SUPL;Company;0000000;00000;0;;;0010411010;;;;;;;X;;;;;;;;;0;;;;;;00000000;;;;;;;1020;;;;;;;;;;;;;;;;;
VENFLPO;VENFLPO;11F6954F101B1EDD9BC95770A17A85DD;2;SUPL;Company;0000000;00000;0;;;;;;;;;;X;;;;;;;;;0;;;;;;00000000;;;;;;;;;;;;;;;;;;;;;;;;
0017300015;0017300015;3997E27C2F041EDE9B8CE2FCDD157B2D;2;SUPL;Company;0000000;00000;0;;;;;;;;;;X;;;;;;;;;0;;;;;;00000000;;;;;;;;;;;;;;;;;;;;;;;;
0017300017;0017300017;3997E27C2F041EDE9B8CE2FCDD183B2D;2;SUPL;Company;0000000;00000;0;;;;;;;;;;X;;;;;;;;;0;;;;;;00000000;;;;;;;;;;;;;;;;;;;;;;;;
0017300019;0017300019;3997E27C2F041EDE9B8CE2FCDD199B2D;2;SUPL;Company;0000000;00000;0;;;;;;;;;;X;;;;;;;;;0;;;;;;00000000;;;;;;;;;;;;;;;;;;;;;;;;
0017300016;0017300016;3997E27C2F041EDE9B8CE2FCDD16DB2D;2;SUPL;Company;0000000;00000;0;;;;;;;;;;X;;;;;;;;;0;;;;;;00000000;;;;;;;;;;;;;;;;;;;;;;;;
USSU-VN42K;USSU-VN42K;9DE7B25D98001EDFA7AA0E36C1CD1770;2;SUPL;;0000000;00000;0;;;;;;;;;;X;;;;;;;;;0;;;;;;00000000;;;;;;;;;;;;;;;;;;;;;;;;
0017537006;0017537006;892DA59289801EED97D32D549E7220CF;2;SUPL;Company;0000000;00000;0;;;;;;;;;;X;;;;;;;;;0;;;;;;00000000;;;;;;;;;;;;;;;;;;;;;;;;
;0001000283;994C63CEB1AB1EEEA2A96CA4EB6420D9;;SUPL;;0000000;00000;0;;;;;;;;;;X;;;;;;;;;0;;;;;;00000000;;;;;;;;;;;;;;;;;;;;;;;;
;0001000284;994C63CEB1AB1EEEA2A96CA4EB6480D9;;SUPL;;0000000;00000;0;;;;;;;;;;X;;;;;;;;;0;;;;;;00000000;;;;;;;;;;;;;;;;;;;;;;;;
;0001000287;994C63CEB1AB1EEEA2A9C022256564DB;;SUPL;;0000000;00000;0;;;;;;;;;;X;;;;;;;;;0;;;;;;00000000;;;;;;;;;;;;;;;;;;;;;;;;
;0001000288;994C63CEB1AB1EEEA2A9C0222565C4DB;;SUPL;;0000000;00000;0;;;;;;;;;;X;;;;;;;;;0;;;;;;00000000;;;;;;;;;;;;;;;;;;;;;;;;
0001000441;0001000441;994C63CEB1AB1EDEA2DA4BEBB6574B61;2;SUPL;Company;0000000;00000;0;;;;;;;;;;X;;;;;;;;;0;;;;;;00000000;;;;;;;;;;;;;;;;;;;;;;;;
0001000442;0001000442;994C63CEB1AB1EDEA2DA9A36CE9F0EA7;2;SUPL;Company;0000000;00000;0;;;;;;;;;;X;;;;;;;;;0;;;;;;00000000;;Walldorf;;;;;;;;;;;;;;;;;;;;;;
0010386001;0010386001;A505C9AF5F3E1EEFA3A783AB126EC96E;2;SUPL;Company;0000000;00000;0;;;;;;;;;;X;;;;;;;;;0;;;;;;00000000;;;;;;;;;;;;;;;;;;;;;;;;
0010386002;0010386002;A505C9AF5F3E1EEFA3A783AB1270296E;2;SUPL;Company;0000000;00000;0;;;;;;;;;;X;;;;;;;;;0;;;;;;00000000;;;;;;;;;;;;;;;;;;;;;;;;
0010386003;0010386003;A505C9AF5F3E1EEFA3A783AB1271896E;1;SUPL;Mr.;0000000;00000;0;;;;;;;;;;X;;;;;;;;;0;;;;;;00000000;;;;;;;;;;;;;;;;;;;;;;;;
0010386004;0010386004;A505C9AF5F3E1EEFA3A783AB1273296E;1;SUPL;Mr.;0000000;00000;0;;;;;;;;;;X;;;;;;;;;0;;;;;;00000000;;;;;;;;;;;;;;;;;;;;;;;;
0010386201;0010386201;A505C9AF5F3E1EEFA3A783AB1274C96E;2;SUPL;Company;0000000;00000;0;;;;;;;;;;X;;;;;;;;;0;;;;;;00000000;;;;;;;;;;;;;;;;;;;;;;;;
0010386202;0010386202;A505C9AF5F3E1EEFA3A783AB1276296E;2;SUPL;Company;0000000;00000;0;;;;;;;;;;X;;;;;;;;;0;;;;;;00000000;;;;;;;;;;;;;;;;;;;;;;;;
0010386301;0010386301;A505C9AF5F3E1EEFA3A783AB1277896E;2;SUPL;Company;0000000;00000;0;;;;;;;;;;X;;;;;;;;;0;;;;;;00000000;;;;;;;;;;;;;;;;;;;;;;;;
0010386302;0010386302;A505C9AF5F3E1EEFA3A783AB1278E96E;2;SUPL;Company;0000000;00000;0;;;;;;;;;;X;;;;;;;;;0;;;;;;00000000;;;;;;;;;;;;;;;;;;;;;;;;
0010386401;0010386401;A505C9AF5F3E1EEFA3A783AB127A496E;2;SUPL;Company;0000000;00000;0;;;;;;;;;;X;;;;;;;;;0;;;;;;00000000;;;;;;;;;;;;;;;;;;;;;;;;
0010386402;0010386402;A505C9AF5F3E1EEFA3A783AB127BA96E;2;SUPL;Company;0000000;00000;0;;;;;;;;;;X;;;;;;;;;0;;;;;;00000000;;;;;;;;;;;;;;;;;;;;;;;;
0010386501;0010386501;A505C9AF5F3E1EEFA3A7848D876C2976;2;SUPL;Company;0000000;00000;0;;;;;;;;;;X;;;;;;;;;0;;;;;;00000000;;;;;;;;;;;;;;;;;;;;;;;;
0010386502;0010386502;A505C9AF5F3E1EEFA3A7848D876D8976;2;SUPL;Company;0000000;00000;0;;;;;;;;;;X;;;;;;;;;0;;;;;;00000000;;;;;;;;;;;;;;;;;;;;;;;;
0010386601;0010386601;A505C9AF5F3E1EEFA3A7848D876EE976;2;SUPL;Company;0000000;00000;0;;;;;;;;;;X;;;;;;;;;0;;;;;;00000000;;;;;;;;;;;;;;;;;;;;;;;;
0017386201;0017386201;A505C9AF5F3E1EEFA3A8CFE112781074;2;SUPL;Company;0000000;00000;0;;;;;;;;;;X;;;;;;;;;0;;;;;;00000000;;;;;;;;;;;;;;;;;;;;;;;;
0017386202;0017386202;A505C9AF5F3E1EEFA3A8CFE112797074;2;SUPL;Company;0000000;00000;0;;;;;;;;;;X;;;;;;;;;0;;;;;;00000000;;;;;;;;;;;;;;;;;;;;;;;;
0017386301;0017386301;A505C9AF5F3E1EEFA3A8CFE1127AD074;2;SUPL;Company;0000000;00000;0;;;;;;;;;;X;;;;;;;;;0;;;;;;00000000;;;;;;;;;;;;;;;;;;;;;;;;
0017386302;0017386302;A505C9AF5F3E1EEFA3A8CFE1127C3074;2;SUPL;Company;0000000;00000;0;;;;;;;;;;X;;;;;;;;;0;;;;;;00000000;;;;;;;;;;;;;;;;;;;;;;;;
0017386401;0017386401;A505C9AF5F3E1EEFA3A8CFE1127D9074;2;SUPL;Company;0000000;00000;0;;;;;;;;;;X;;;;;;;;;0;;;;;;00000000;;;;;;;;;;;;;;;;;;;;;;;;
0017386402;0017386402;A505C9AF5F3E1EEFA3A8CFE1127EF074;2;SUPL;Company;0000000;00000;0;;;;;;;;;;X;;;;;;;;;0;;;;;;00000000;;;;;;;;;;;;;;;;;;;;;;;;
0017386501;0017386501;A505C9AF5F3E1EEFA3A8D0578CFAF07E;2;SUPL;Company;0000000;00000;0;;;;;;;;;;X;;;;;;;;;0;;;;;;00000000;;;;;;;;;;;;;;;;;;;;;;;;
0017386502;0017386502;A505C9AF5F3E1EEFA3A8D0578CFC507E;2;SUPL;Company;0000000;00000;0;;;;;;;;;;X;;;;;;;;;0;;;;;;00000000;;;;;;;;;;;;;;;;;;;;;;;;
0017386601;0017386601;A505C9AF5F3E1EEFA3A8D0578CFDB07E;2;SUPL;Company;0000000;00000;0;;;;;;;;;;X;;;;;;;;;0;;;;;;00000000;;;;;;;;;;;;;;;;;;;;;;;;
0001000559;0001000559;000D3ABE2E291FD1AFCA3EB125D70000;2;SUPL;Company;0000000;00000;0;;;;;;;;;;X;;;;01;;;;;1;;;;;;00000000;;;;;;;;;;;;;;;;;;;;;;;;
0001000560;0001000560;000D3ABE2E291FD1AFCB02B34F3C0000;2;SUPL;Company;0000000;00000;0;;;;;;;;;;X;;;;;;;;;0;;;;;;00000000;;;;;;;;;;;;;;;;;;;;;;;;
0001000579;0001000579;000D3ABE2E291FD1B0C230225124C000;2;SUPL;;0000000;00000;0;;;;;;;;;;X;;;;;;;;;0;;;;;;00000000;;;;;;;;;;;;;;;;;;;;;;;;
