SOURCELEDGER;COMPANYCODE;FISCALYEAR;ACCOUNTINGDOCUMENT;LEDGERGLLINEITEM;LEDGERFISCALYEAR;GLRECORDTYPE;JRNLENTRALTVFYCONSECUTIVEID;CHARTOFACCOUNTS;CONTROLLINGAREA;FINANCIALTRANSACTIONTYPE;GLBUSINESSTRANSACTIONTYPE;BUSINESSTRANSACTIONCATEGORY;BUSINESSTRANSACTIONTYPE;FINANCIALCLOSINGSTEP;CONTROLLINGBUSTRANSACTYPE;REFERENCEDOCUMENTTYPE;LOGICALSYSTEM;REFERENCEDOCUMENTCONTEXT;REFERENCEDOCUMENT;REFERENCEDOCUMENTITEM;REFERENCEDOCUMENTITEMGROUP;TRANSACTIONSUBITEM;ACCOUNTINGNOTIFICATIONUUID;OFFSETTINGLEDGERGLLINEITEM;ISREVERSAL;ISREVERSED;REVERSALREFERENCEDOCUMENTTYPE;REVERSALREFERENCEDOCUMENTCNTXT;REVERSALREFERENCEDOCUMENT;REVERSALTRANSACTIONSUBITEM;ISSETTLEMENT;ISSETTLED;PREDECESSORREFERENCEDOCTYPE;PREDECESSORREFERENCEDOCCNTXT;PREDECESSORREFERENCEDOCUMENT;PREDECESSORREFERENCEDOCITEM;PRDCSSRJOURNALENTRYCOMPANYCODE;PRDCSSRJOURNALENTRYFISCALYEAR;PREDECESSORJOURNALENTRY;PREDECESSORJOURNALENTRYITEM;SOURCEREFERENCEDOCUMENTTYPE;SOURCELOGICALSYSTEM;SOURCEREFERENCEDOCUMENTCNTXT;SOURCEREFERENCEDOCUMENT;SOURCEREFERENCEDOCUMENTITEM;SOURCEREFERENCEDOCSUBITEM;ISCOMMITMENT;JRNLENTRYITEMOBSOLETEREASON;JOURNALENTRYISSECONDARYENTRY;JRNLPERIODENDCLOSINGRUNLOGUUID;ORGANIZATIONALCHANGE;GLACCOUNT;COSTCENTER;PROFITCENTER;FUNCTIONALAREA;BUSINESSAREA;SEGMENT;PARTNERCOSTCENTER;PARTNERPROFITCENTER;PARTNERFUNCTIONALAREA;PARTNERBUSINESSAREA;PARTNERCOMPANY;PARTNERSEGMENT;BALANCETRANSACTIONCURRENCY;AMOUNTINBALANCETRANSACCRCY;TRANSACTIONCURRENCY;AMOUNTINTRANSACTIONCURRENCY;COMPANYCODECURRENCY;AMOUNTINCOMPANYCODECURRENCY;GLOBALCURRENCY;AMOUNTINGLOBALCURRENCY;FUNCTIONALCURRENCY;AMOUNTINFUNCTIONALCURRENCY;FREEDEFINEDCURRENCY1;AMOUNTINFREEDEFINEDCURRENCY1;FREEDEFINEDCURRENCY2;AMOUNTINFREEDEFINEDCURRENCY2;FREEDEFINEDCURRENCY3;AMOUNTINFREEDEFINEDCURRENCY3;FREEDEFINEDCURRENCY4;AMOUNTINFREEDEFINEDCURRENCY4;FREEDEFINEDCURRENCY5;AMOUNTINFREEDEFINEDCURRENCY5;FREEDEFINEDCURRENCY6;AMOUNTINFREEDEFINEDCURRENCY6;FREEDEFINEDCURRENCY7;AMOUNTINFREEDEFINEDCURRENCY7;FREEDEFINEDCURRENCY8;AMOUNTINFREEDEFINEDCURRENCY8;FIXEDAMOUNTINGLOBALCRCY;GRPVALNFIXEDAMTINGLOBCRCY;PRFTCTRVALNFXDAMTINGLOBCRCY;FIXEDAMOUNTINCOCODECRCY;FIXEDAMOUNTINTRANSCRCY;TOTALPRICEVARCINGLOBALCRCY;GRPVALNTOTPRCVARCINGLOBCRCY;PRFTCTRVALNTOTPRCVARCINGLBCRCY;FIXEDPRICEVARCINGLOBALCRCY;GRPVALNFIXEDPRCVARCINGLOBCRCY;PRFTCTRVALNFXDPRCVARCINGLBCRCY;CONTROLLINGOBJECTCURRENCY;AMOUNTINOBJECTCURRENCY;GRANTCURRENCY;AMOUNTINGRANTCURRENCY;BASEUNIT;QUANTITY;FIXEDQUANTITY;COSTSOURCEUNIT;VALUATIONQUANTITY;VALUATIONFIXEDQUANTITY;REFERENCEQUANTITYUNIT;REFERENCEQUANTITY;ADDITIONALQUANTITY1UNIT;ADDITIONALQUANTITY1;ADDITIONALQUANTITY2UNIT;ADDITIONALQUANTITY2;ADDITIONALQUANTITY3UNIT;ADDITIONALQUANTITY3;INCMPLTSUMMABLEVALNQTYUNT;INCMPLTSUMMABLEVALNQTY;INCMPLTSUMMABLEVALNFXDQTY;DEBITCREDITCODE;FISCALPERIOD;FISCALYEARVARIANT;FISCALYEARPERIOD;POSTINGDATE;DOCUMENTDATE;ACCOUNTINGDOCUMENTTYPE;ACCOUNTINGDOCUMENTITEM;ASSIGNMENTREFERENCE;ACCOUNTINGDOCUMENTCATEGORY;JOURNALENTRYITEMCATEGORY;POSTINGKEY;TRANSACTIONTYPEDETERMINATION;SUBLEDGERACCTLINEITEMTYPE;ACCOUNTINGDOCCREATEDBYUSER;LASTCHANGEDATETIME;CREATIONDATETIME;CREATIONDATE;ELIMINATIONPROFITCENTER;ORIGINOBJECTTYPE;GLACCOUNTTYPE;ALTERNATIVEGLACCOUNT;COUNTRYCHARTOFACCOUNTS;ITEMISSPLIT;CONSOLIDATIONUNIT;PARTNERCONSOLIDATIONUNIT;COMPANY;CONSOLIDATIONCHARTOFACCOUNTS;CNSLDTNFINANCIALSTATEMENTITEM;CNSLDTNSUBITEMCATEGORY;CNSLDTNSUBITEM;INVOICEREFERENCE;INVOICEREFERENCEFISCALYEAR;FOLLOWONDOCUMENTTYPE;INVOICEITEMREFERENCE;REFERENCEPURCHASEORDERCATEGORY;PURCHASINGDOCUMENT;PURCHASINGDOCUMENTITEM;ACCOUNTASSIGNMENTNUMBER;DOCUMENTITEMTEXT;SALESDOCUMENT;SALESDOCUMENTITEM;PRODUCT;PLANT;SUPPLIER;CUSTOMER;SERVICESRENDEREDDATE;PERFORMANCEPERIODSTARTDATE;PERFORMANCEPERIODENDDATE;CONDITIONCONTRACT;EXCHANGERATEDATE;COMPONENTBREAKDOWN;COMPBREAKDOWNSCALENUMERATOR;FINANCIALACCOUNTTYPE;SPECIALGLCODE;TAXCODE;TAXCOUNTRY;HOUSEBANK;HOUSEBANKACCOUNT;ISOPENITEMMANAGED;CLEARINGDATE;CLEARINGDOCFISCALYEAR;CLEARINGACCOUNTINGDOCUMENT;CLEARINGJOURNALENTRYFISCALYEAR;CLEARINGJOURNALENTRY;VALUEDATE;GENERALLEDGERAGINGSCOPE;GENERALLEDGERAGINGINCREMENT;ASSETDEPRECIATIONAREA;MASTERFIXEDASSET;FIXEDASSET;ASSETVALUEDATE;ASSETTRANSACTIONTYPE;ASSETACCTTRANSCLASSFCTN;DEPRECIATIONFISCALPERIOD;GROUPMASTERFIXEDASSET;GROUPFIXEDASSET;ASSETCLASS;PARTNERMASTERFIXEDASSET;PARTNERFIXEDASSET;COSTESTIMATE;INVENTORYSPECIALSTOCKVALNTYPE;ISSUPPLIERSTOCKVALUATION;INVENTORYSPECIALSTOCKTYPE;INVENTORYSPCLSTKSALESDOCUMENT;INVENTORYSPCLSTKSALESDOCITM;INVTRYSPCLSTOCKWBSELMNTINTID;INVENTORYSPCLSTOCKWBSELEMENT;INVENTORYSPECIALSTOCKSUPPLIER;INVENTORYVALUATIONTYPE;VALUATIONAREA;MATERIALLEDGERPROCESSTYPE;MATERIALLEDGERCATEGORY;SLSPRICEAMOUNTINCOCODECRCY;PRODUCTPRICECONTROL;PROCUREMENTALTERNATIVE;PRODUCTIONPROCESS;SENDERCOMPANYCODE;SENDERGLACCOUNT;SENDERACCOUNTASSIGNMENT;SENDERACCOUNTASSIGNMENTTYPE;CONTROLLINGOBJECT;COSTORIGINGROUP;ORIGINSENDEROBJECT;CONTROLLINGDEBITCREDITCODE;ORIGINCTRLGDEBITCREDITCODE;CONTROLLINGOBJECTDEBITTYPE;QUANTITYISINCOMPLETE;OFFSETTINGACCOUNT;OFFSETTINGACCOUNTTYPE;OFFSETTINGCHARTOFACCOUNTS;LINEITEMISCOMPLETED;PERSONNELNUMBER;PROFITABILITYSEGMENT;CONTROLLINGOBJECTCLASS;PARTNERCOMPANYCODE;PARTNERCONTROLLINGOBJECTCLASS;ORIGINPROFITCENTER;ORIGINORDER;ORIGINCOSTCTRACTIVITYTYPE;ORIGINCOSTCENTER;ORIGINPRODUCT;VARIANCEORIGINGLACCOUNT;ACCOUNTASSIGNMENT;ACCOUNTASSIGNMENTTYPE;COSTCTRACTIVITYTYPE;ORDERID;ORDERCATEGORY;WBSELEMENTINTERNALID;WBSELEMENT;PARTNERWBSELEMENTINTERNALID;PARTNERWBSELEMENT;PROJECTINTERNALID;PROJECT;PARTNERPROJECTINTERNALID;PARTNERPROJECT;OPERATINGCONCERN;PROJECTNETWORK;RELATEDNETWORKACTIVITY;BUSINESSPROCESS;COSTOBJECT;BILLABLECONTROL;COSTANALYSISRESOURCE;CUSTOMERSERVICENOTIFICATION;SERVICEDOCUMENTTYPE;SERVICEDOCUMENT;SERVICEDOCUMENTITEM;PARTNERSERVICEDOCUMENTTYPE;PARTNERSERVICEDOCUMENT;PARTNERSERVICEDOCUMENTITEM;SERVICECONTRACTTYPE;SERVICECONTRACT;SERVICECONTRACTITEM;BUSINESSSOLUTIONORDER;BUSINESSSOLUTIONORDERITEM;PROVIDERCONTRACT;PROVIDERCONTRACTITEM;REVENUEACCOUNTINGCONTRACT;PERFORMANCEOBLIGATION;TIMESHEETOVERTIMECATEGORY;PARTNERACCOUNTASSIGNMENT;PARTNERACCOUNTASSIGNMENTTYPE;STSTCLACCOUNTASSIGNMENTTYPE1;STSTCLACCOUNTASSIGNMENTTYPE2;STSTCLACCOUNTASSIGNMENTTYPE3;WORKPACKAGE;WORKITEM;PARTNERCOSTCTRACTIVITYTYPE;PARTNERORDER;PARTNERORDERCATEGORY;PARTNERSALESDOCUMENT;PARTNERSALESDOCUMENTITEM;PARTNERPROJECTNETWORK;PARTNERPROJECTNETWORKACTIVITY;PARTNERBUSINESSPROCESS;PARTNERCOSTOBJECT;CONTROLLINGDOCUMENTITEM;VARIANCEORIGINGROUP;BILLINGDOCUMENTTYPE;SALESORGANIZATION;DISTRIBUTIONCHANNEL;ORGANIZATIONDIVISION;SOLDPRODUCT;SOLDPRODUCTGROUP;CUSTOMERGROUP;CUSTOMERSUPPLIERCOUNTRY;CUSTOMERSUPPLIERINDUSTRY;SALESDISTRICT;BILLTOPARTY;SHIPTOPARTY;CUSTOMERSUPPLIERCORPORATEGROUP;CASHLEDGERCOMPANYCODE;CASHLEDGERACCOUNT;FINANCIALMANAGEMENTAREA;COMMITMENTITEM;FUNDSCENTER;FUNDEDPROGRAM;FUND;GRANTID;BUDGETPERIOD;PARTNERFUND;PARTNERGRANT;PARTNERBUDGETPERIOD;PUBSECBUDGETACCOUNT;PUBSECBUDGETACCOUNTCOCODE;PUBSECBUDGETCNSMPNDATE;PUBSECBUDGETCNSMPNFSCLPERIOD;PUBSECBUDGETCNSMPNFSCLYEAR;PUBSECBUDGETISRELEVANT;PUBSECBUDGETCNSMPNTYPE;PUBSECBUDGETCNSMPNAMTTYPE;SPONSOREDPROGRAM;SPONSOREDCLASS;GTEEMBUDGETVALIDITYNUMBER;EARMARKEDFUNDSDOCUMENT;EARMARKEDFUNDSDOCUMENTITEM;FINANCIALSERVICESPRODUCTGROUP;FINANCIALSERVICESBRANCH;FINANCIALDATASOURCE;JOINTVENTURE;JOINTVENTUREEQUITYGROUP;JOINTVENTURECOSTRECOVERYCODE;JOINTVENTUREPARTNER;JOINTVENTUREBILLINGTYPE;JOINTVENTUREEQUITYTYPE;JOINTVENTUREPRODUCTIONDATE;JOINTVENTUREBILLINGDATE;JOINTVENTUREOPERATIONALDATE;CUTBACKRUN;JOINTVENTUREACCOUNTINGACTIVITY;PARTNERVENTURE;PARTNEREQUITYGROUP;SENDERCOSTRECOVERYCODE;CUTBACKACCOUNT;CUTBACKCOSTOBJECT;REBUSINESSENTITY;REALESTATEBUILDING;REALESTATEPROPERTY;RERENTALOBJECT;REALESTATECONTRACT;RESERVICECHARGEKEY;RESETTLEMENTUNITID;SETTLEMENTREFERENCEDATE;REPARTNERBUSINESSENTITY;REALESTATEPARTNERBUILDING;REALESTATEPARTNERPROPERTY;REPARTNERRENTALOBJECT;REALESTATEPARTNERCONTRACT;REPARTNERSERVICECHARGEKEY;REPARTNERSETTLEMENTUNITID;PARTNERSETTLEMENTREFERENCEDATE;ACCRUALOBJECTTYPE;ACCRUALOBJECTLOGICALSYSTEM;ACCRUALOBJECT;ACCRUALSUBOBJECT;ACCRUALITEMTYPE;ACCRUALREFERENCEOBJECT;ACCRUALVALUEDATE;FINANCIALVALUATIONOBJECTTYPE;FINANCIALVALUATIONOBJECT;FINANCIALVALUATIONSUBOBJECT;NETDUEDATE;CREDITRISKCLASS;WORKCENTERINTERNALID;ORDEROPERATION;ORDERITEM;PARTNERORDERITEM;ORDERSUBOPERATION;EQUIPMENT;FUNCTIONALLOCATION;ASSEMBLY;MAINTENANCEACTIVITYTYPE;MAINTENANCEORDERPLANNINGCODE;MAINTPRIORITYTYPE;MAINTPRIORITY;SUPERIORORDER;PRODUCTGROUP;MAINTENANCEORDERISPLANNED;ORIGINORDEROPERATION;JRNLENTRYITEMMIGRATIONSOURCE
0L;1710;2026;5000000004;000002;2026;0;;YCOA;A000;;RMWE;RMWE;RMWE;010;;MKPF;;2026;5000002952;000001;000001;000000;00000000000000000000000000000000;;;;;;;000000;;;;;;000000;;0000;;;;;;;000000;000000;;;;00000000000000000000000000000000;;0021120000;0017100100;YB600;;;1000_C;;;;;;;USD;-98.00;USD;-98.00;USD;-98.00;USD;-98.00;USD;-98.00;;0.00;;0.00;;0.00;;0.00;;0.00;;0.00;;0.00;;0.00;0.00;0.00;0.00;0.00;0.00;0.00;0.00;0.00;0.00;0.00;0.00;;0.00;;0.00;ST;-20.000;0.000;;0.000;0.000;ST;-20.000;;0.000;;0.000;;0.000;;0.000;0.000;H;010;K4;2026010;20261009;20261009;WE;002;4,5E+14;;01000;96;WRX;00000;ARIA;2,0261E+13;2,0261E+13;20261007;;35;X;;;;000000000000001710;;001710;Y1;0000211100;1;915;;0000;;000;000;4500002148;00010;00;;;000000;;1710;0001000579;;00000000;00000000;00000000;;20261009;;0.000;S;;;;;;X;00000000;0000;;0000;;20261007;;;00;;;00000000;;;000;;;;;;000000000000;;;;;000000;00000000;;;;1710;;;0.00;;000000000000;000000000000;;;;;;;;;;0;0;0054400000;S;YCOA;;00000000;;OC;;;;;;;;;;;;;00;00000000;;00000000;;00000000;;00000000;;;;;;;;;;;;000000;;;000000;;;000000;;000000;;000000;;;;;;;;;;;;;00;;000000;;;;;000;;;;;;;;;;;;;;;;;;;;;;;;;;;;;00000000;000;0000;;;;;;;;000;;;;;;;;;;00000000;00000000;00000000;0.0000000;;;;;;;;;;;;;;00000000;;;;;;;;00000000;;;;;;;00000000;;;;00000000;;00000000;;0000;0000;;;;;;;;;;;;;
0L;1710;2026;5000000004;000001;2026;0;;YCOA;A000;;RMWE;RMWE;RMWE;010;COIN;MKPF;;2026;5000002952;000001;000001;000001;00000000000000000000000000000000;;;;;;;000000;;;;;;000000;;0000;;;;;;;000000;000000;;;;00000000000000000000000000000000;;0054400000;0017100100;YB600;YB20;;1000_C;;;;;;;USD;98.00;USD;98.00;USD;98.00;USD;98.00;USD;98.00;;0.00;;0.00;;0.00;;0.00;;0.00;;0.00;;0.00;;0.00;0.00;0.00;0.00;0.00;0.00;0.00;0.00;0.00;0.00;0.00;0.00;;0.00;;0.00;ST;20.000;0.000;ST;20.000;0.000;;0.000;;0.000;;0.000;;0.000;;0.000;0.000;S;010;K4;2026010;20261009;20261009;WE;001;20261009;;06000;81;KBS;00000;ARIA;2,0261E+13;2,0261E+13;20261007;;02;P;;;;000000000000001710;;001710;Y1;0000585000;2;YB20;;0000;;000;020;4500002148;00010;00;;;000000;;1710;0001000579;;00000000;00000000;00000000;;20261009;;0.000;S;;;;;;;00000000;0000;;0000;;20261007;;;00;;;00000000;;;000;;;;;;000000000000;;;;;000000;00000000;;;;1710;;;0.00;;000000000000;000000000000;;;;;KSA0000017100100;;;S;S;1;1;0021120000;S;YCOA;;00000000;0000105035;OC;;;;;;;;;0017100100;KS;;;00;00000000;;00000000;;00000000;;00000000;;A000;;;;;;;;;;000000;;;000000;;;000000;;000000;;000000;;;;;;;;;;;;;00;;000000;;;;;001;;;;;;;;;;;;;;;;;;;;;;;;;;;;;00000000;000;0000;;;;;;;;000;;;;;;;;;;00000000;00000000;00000000;0.0000000;;;;;;;;;;;;;;00000000;;;;;;;;00000000;;;;;;;00000000;;;;00000000;;00000000;;0000;0000;;;;;;;;;;;;;
0L;1710;2026;5000000004;000004;2026;0;;YCOA;A000;;RMWE;RMWE;RMWE;010;;MKPF;;2026;5000002952;000002;000002;000000;00000000000000000000000000000000;;;;;;;000000;;;;;;000000;;0000;;;;;;;000000;000000;;;;00000000000000000000000000000000;;0021120000;0017100100;YB600;;;1000_C;;;;;;;USD;-121.00;USD;-121.00;USD;-121.00;USD;-121.00;USD;-121.00;;0.00;;0.00;;0.00;;0.00;;0.00;;0.00;;0.00;;0.00;0.00;0.00;0.00;0.00;0.00;0.00;0.00;0.00;0.00;0.00;0.00;;0.00;;0.00;ST;-5.000;0.000;;0.000;0.000;ST;-5.000;;0.000;;0.000;;0.000;;0.000;0.000;H;010;K4;2026010;20261009;20261009;WE;004;4,5E+14;;01000;96;WRX;00000;ARIA;2,0261E+13;2,0261E+13;20261007;;35;X;;;;000000000000001710;;001710;Y1;0000211100;1;915;;0000;;000;000;4500002148;00020;00;;;000000;;1710;0001000579;;00000000;00000000;00000000;;20261009;;0.000;S;;;;;;X;00000000;0000;;0000;;20261007;;;00;;;00000000;;;000;;;;;;000000000000;;;;;000000;00000000;;;;1710;;;0.00;;000000000000;000000000000;;;;;;;;;;0;0;0054400000;S;YCOA;;00000000;;OC;;;;;;;;;;;;;00;00000000;;00000000;;00000000;;00000000;;;;;;;;;;;;000000;;;000000;;;000000;;000000;;000000;;;;;;;;;;;;;00;;000000;;;;;000;;;;;;;;;;;;;;;;;;;;;;;;;;;;;00000000;000;0000;;;;;;;;000;;;;;;;;;;00000000;00000000;00000000;0.0000000;;;;;;;;;;;;;;00000000;;;;;;;;00000000;;;;;;;00000000;;;;00000000;;00000000;;0000;0000;;;;;;;;;;;;;
0L;1710;2026;5000000004;000003;2026;0;;YCOA;A000;;RMWE;RMWE;RMWE;010;COIN;MKPF;;2026;5000002952;000002;000002;000003;00000000000000000000000000000000;;;;;;;000000;;;;;;000000;;0000;;;;;;;000000;000000;;;;00000000000000000000000000000000;;0054400000;0017100100;YB600;YB20;;1000_C;;;;;;;USD;121.00;USD;121.00;USD;121.00;USD;121.00;USD;121.00;;0.00;;0.00;;0.00;;0.00;;0.00;;0.00;;0.00;;0.00;0.00;0.00;0.00;0.00;0.00;0.00;0.00;0.00;0.00;0.00;0.00;;0.00;;0.00;ST;5.000;0.000;ST;5.000;0.000;;0.000;;0.000;;0.000;;0.000;;0.000;0.000;S;010;K4;2026010;20261009;20261009;WE;003;20261009;;06000;81;KBS;00000;ARIA;2,0261E+13;2,0261E+13;20261007;;02;P;;;;000000000000001710;;001710;Y1;0000585000;2;YB20;;0000;;000;020;4500002148;00020;00;;;000000;;1710;0001000579;;00000000;00000000;00000000;;20261009;;0.000;S;;;;;;;00000000;0000;;0000;;20261007;;;00;;;00000000;;;000;;;;;;000000000000;;;;;000000;00000000;;;;1710;;;0.00;;000000000000;000000000000;;;;;KSA0000017100100;;;S;S;1;1;0021120000;S;YCOA;;00000000;0000105035;OC;;;;;;;;;0017100100;KS;;;00;00000000;;00000000;;00000000;;00000000;;A000;;;;;;;;;;000000;;;000000;;;000000;;000000;;000000;;;;;;;;;;;;;00;;000000;;;;;002;;;;;;;;;;;;;;;;;;;;;;;;;;;;;00000000;000;0000;;;;;;;;000;;;;;;;;;;00000000;00000000;00000000;0.0000000;;;;;;;;;;;;;;00000000;;;;;;;;00000000;;;;;;;00000000;;;;00000000;;00000000;;0000;0000;;;;;;;;;;;;;
0L;1710;2026;5100000003;000004;2026;0;;YCOA;A000;;RMRP;RMRP;RMRP;010;COIN;RMRP;;2026;5100001601;000000;000000;000004;00000000000000000000000000000000;;;;;;;000000;;;;;;000000;;0000;;;;;;;000000;000000;;;;00000000000000000000000000000000;;0052060000;0017101101;YB600;YB20;;1000_C;;;;;;;USD;2.00;USD;2.00;USD;2.00;USD;2.00;USD;2.00;;0.00;;0.00;;0.00;;0.00;;0.00;;0.00;;0.00;;0.00;0.00;0.00;0.00;0.00;0.00;0.00;0.00;0.00;0.00;0.00;0.00;;0.00;;0.00;;0.000;0.000;;0.000;0.000;;0.000;;0.000;;0.000;;0.000;;0.000;0.000;S;010;K4;2026010;20261012;20261012;RE;004;20261012;;20000;83;DIF;00000;ARIA;2,0261E+13;2,0261E+13;20261007;;02;P;;;;000000000000001710;;001710;Y1;0000412100;2;YB20;;0000;;000;000;;00000;00;;;000000;;;;;00000000;00000000;00000000;;20261012;;0.000;S;;I1;;;;;00000000;0000;;0000;;20261007;;;00;;;00000000;;;000;;;;;;000000000000;;;;;000000;00000000;;;;;;;0.00;;000000000000;000000000000;;;;;KSA0000017101101;;;S;S;1;0;0001000579;K;;;00000000;0000105036;OC;;;;;;;;;0017101101;KS;;;00;00000000;;00000000;;00000000;;00000000;;A000;;;;;;;;;;000000;;;000000;;;000000;;000000;;000000;;;;;;;;;;;;;00;;000000;;;;;001;;;;;;;;;;;;;;;;;;;;;;;;;;;;;00000000;000;0000;;;;;;;;000;;;;;;;;;;00000000;00000000;00000000;0.0000000;;;;;;;;;;;;;;00000000;;;;;;;;00000000;;;;;;;00000000;;;;00000000;;00000000;;0000;0000;;;;;;;;;;;;;
0L;1710;2026;5100000003;000002;2026;0;;YCOA;A000;;RMRP;RMRP;RMRP;010;;RMRP;;2026;5100001601;000001;000001;000000;00000000000000000000000000000000;;;;;;;000000;;;;;;000000;;0000;;;;;;;000000;000000;;;;00000000000000000000000000000000;;0021120000;0017100100;YB600;;;1000_C;;;;;;;USD;98.00;USD;98.00;USD;98.00;USD;98.00;USD;98.00;;0.00;;0.00;;0.00;;0.00;;0.00;;0.00;;0.00;;0.00;0.00;0.00;0.00;0.00;0.00;0.00;0.00;0.00;0.00;0.00;0.00;;0.00;;0.00;;0.000;0.000;;0.000;0.000;ST;20.000;;0.000;;0.000;;0.000;;0.000;0.000;S;010;K4;2026010;20261012;20261012;RE;002;4,5E+14;;01000;86;WRX;00000;ARIA;2,0261E+13;2,0261E+13;20261007;;35;X;;;;000000000000001710;;001710;Y1;0000211100;1;915;;0000;;000;000;4500002148;00010;01;;;000000;;1710;;;00000000;00000000;00000000;;20261012;;0.000;S;;I1;;;;X;00000000;0000;;0000;;20261007;;;00;;;00000000;;;000;;;;;;000000000000;;;;;000000;00000000;;;;1710;;;0.00;;000000000000;000000000000;;;;;;;;;;0;0;0001000579;K;;;00000000;;OC;;;;;;;;;;;;;00;00000000;;00000000;;00000000;;00000000;;;;;;;;;;;;000000;;;000000;;;000000;;000000;;000000;;;;;;;;;;;;;00;;000000;;;;;000;;;;;;;;;;;;;;;;;;;;;;;;;;;;;00000000;000;0000;;;;;;;;000;;;;;;;;;;00000000;00000000;00000000;0.0000000;;;;;;;;;;;;;;00000000;;;;;;;;00000000;;;;;;;00000000;;;;00000000;;00000000;;0000;0000;;;;;;;;;;;;;
0L;1710;2026;5100000003;000003;2026;0;;YCOA;A000;;RMRP;RMRP;RMRP;010;;RMRP;;2026;5100001601;000002;000002;000000;00000000000000000000000000000000;;;;;;;000000;;;;;;000000;;0000;;;;;;;000000;000000;;;;00000000000000000000000000000000;;0021120000;0017100100;YB600;;;1000_C;;;;;;;USD;121.00;USD;121.00;USD;121.00;USD;121.00;USD;121.00;;0.00;;0.00;;0.00;;0.00;;0.00;;0.00;;0.00;;0.00;0.00;0.00;0.00;0.00;0.00;0.00;0.00;0.00;0.00;0.00;0.00;;0.00;;0.00;;0.000;0.000;;0.000;0.000;ST;5.000;;0.000;;0.000;;0.000;;0.000;0.000;S;010;K4;2026010;20261012;20261012;RE;003;4,5E+14;;01000;86;WRX;00000;ARIA;2,0261E+13;2,0261E+13;20261007;;35;X;;;;000000000000001710;;001710;Y1;0000211100;1;915;;0000;;000;000;4500002148;00020;01;;;000000;;1710;;;00000000;00000000;00000000;;20261012;;0.000;S;;I1;;;;X;00000000;0000;;0000;;20261007;;;00;;;00000000;;;000;;;;;;000000000000;;;;;000000;00000000;;;;1710;;;0.00;;000000000000;000000000000;;;;;;;;;;0;0;0001000579;K;;;00000000;;OC;;;;;;;;;;;;;00;00000000;;00000000;;00000000;;00000000;;;;;;;;;;;;000000;;;000000;;;000000;;000000;;000000;;;;;;;;;;;;;00;;000000;;;;;000;;;;;;;;;;;;;;;;;;;;;;;;;;;;;00000000;000;0000;;;;;;;;000;;;;;;;;;;00000000;00000000;00000000;0.0000000;;;;;;;;;;;;;;00000000;;;;;;;;00000000;;;;;;;00000000;;;;00000000;;00000000;;0000;0000;;;;;;;;;;;;;
0L;1710;2026;1500000002;000001;2026;0;;YCOA;A000;;RFBU;RFPO;RFPO;000;;BKPF;;17102026;1500000002;000001;000000;000000;00000000000000000000000000000000;;;;;;;000000;;;;;;000000;;0000;;;;;;;000000;000000;;;;00000000000000000000000000000000;;0011002000;;YB600;;;1000_C;;;;;;;USD;-221.00;USD;-221.00;USD;-221.00;USD;-221.00;USD;-221.00;;0.00;;0.00;;0.00;;0.00;;0.00;;0.00;;0.00;;0.00;0.00;0.00;0.00;0.00;0.00;0.00;0.00;0.00;0.00;0.00;0.00;;0.00;;0.00;;0.000;0.000;;0.000;0.000;;0.000;;0.000;;0.000;;0.000;;0.000;0.000;H;010;K4;2026010;20261013;20261013;KZ;001;20261007;;04000;50;;00000;ARIA;2,0261E+13;2,0261E+13;20261007;;35;X;;;X;000000000000001710;;001710;Y1;0000111100;1;915;;0000;;000;000;;00000;00;;;000000;;;;;00000000;00000000;00000000;;20261013;;0.000;S;;;;USBA2;USAA2;;00000000;0000;;0000;;20261007;;;00;;;00000000;;;000;;;;;;000000000000;;;;;000000;00000000;;;;;;;0.00;;000000000000;000000000000;;;;;;;;;;0;0;0001000579;K;;;00000000;;;;;;;;;;;;;;;00;00000000;;00000000;;00000000;;00000000;;;;;;;;;;;;000000;;;000000;;;000000;;000000;;000000;;;;;;;;;;;;;00;;000000;;;;;000;;;;;;;;;;;;;;;;;;;;;;;;;;;;;00000000;000;0000;;;;;;;;000;;;;;;;;;;00000000;00000000;00000000;0.0000000;;;;;;;;;;;;;;00000000;;;;;;;;00000000;;;;;;;00000000;;;;00000000;;00000000;;0000;0000;;;;;;;;;;;;;
0L;1710;2026;1500000002;000002;2026;0;;YCOA;A000;;RFBU;RFPO;RFPO;000;;BKPF;;17102026;1500000002;000002;000000;000000;00000000000000000000000000000000;;;;;;;000000;;;;;;000000;;0000;;;;;;;000000;000000;;;;00000000000000000000000000000000;;0021100000;;YB600;;;1000_C;;;;;;;USD;221.00;USD;221.00;USD;221.00;USD;221.00;USD;221.00;;0.00;;0.00;;0.00;;0.00;;0.00;;0.00;;0.00;;0.00;0.00;0.00;0.00;0.00;0.00;0.00;0.00;0.00;0.00;0.00;0.00;;0.00;;0.00;;0.000;0.000;;0.000;0.000;;0.000;;0.000;;0.000;;0.000;;0.000;0.000;S;010;K4;2026010;20261013;20261013;KZ;002;;;03000;25;;00000;ARIA;2,0261E+13;2,0261E+13;20261007;;35;X;;;X;000000000000001710;;001710;Y1;0000211100;1;915;;0000;;000;000;;00000;00;;;000000;;;0001000579;;00000000;00000000;00000000;;20261013;;0.000;K;;;;;;X;20261013;2026;1500000002;2026;1500000002;00000000;;;00;;;00000000;;;000;;;;;;000000000000;;;;;000000;00000000;;;;;;;0.00;;000000000000;000000000000;;;;;;;;;;0;0;0011002000;S;YCOA;;00000000;;;;;;;;;;;;;;;00;00000000;;00000000;;00000000;;00000000;;;;;;;;;;;;000000;;;000000;;;000000;;000000;;000000;;;;;;;;;;;;;00;;000000;;;;;000;;;;;;;;;;;;;;;;;;;;;;;;;;;;;00000000;000;0000;;;;;;;;000;;;;;;;;;;00000000;00000000;00000000;0.0000000;;;;;;;;;;;;;;00000000;;;;;;;;00000000;;;;;;;00000000;;;;20261013;;00000000;;0000;0000;;;;;;;;;;;;;
0L;1710;2026;5100000003;000001;2026;0;;YCOA;A000;;RMRP;RMRP;RMRP;010;;RMRP;;2026;5100001601;000000;000000;000000;00000000000000000000000000000000;;;;;;;000000;;;;;;000000;;0000;;;;;;;000000;000000;;;;00000000000000000000000000000000;;0021100000;;YB600;;;1000_C;;;;;;;USD;-221.00;USD;-221.00;USD;-221.00;USD;-221.00;USD;-221.00;;0.00;;0.00;;0.00;;0.00;;0.00;;0.00;;0.00;;0.00;0.00;0.00;0.00;0.00;0.00;0.00;0.00;0.00;0.00;0.00;0.00;;0.00;;0.00;;0.000;0.000;;0.000;0.000;;0.000;;0.000;;0.000;;0.000;;0.000;0.000;H;010;K4;2026010;20261012;20261012;RE;001;;;03000;31;KBS;00000;ARIA;2,0261E+13;2,0261E+13;20261007;;35;X;;;X;000000000000001710;;001710;Y1;0000211100;1;915;;0000;;000;000;;00000;00;;;000000;;;0001000579;;00000000;00000000;00000000;;20261012;;0.000;K;;I1;;;;X;20261013;2026;1500000002;2026;1500000002;00000000;;;00;;;00000000;;;000;;;;;;000000000000;;;;;000000;00000000;;;;;;;0.00;;000000000000;000000000000;;;;;;;;;;0;0;0021120000;S;YCOA;;00000000;;;;;;;;;;;;;;;00;00000000;;00000000;;00000000;;00000000;;;;;;;;;;;;000000;;;000000;;;000000;;000000;;000000;;;;;;;;;;;;;00;;000000;;;;;000;;;;;;;;;;;;;;;;;;;;;;;;;;;;;00000000;000;0000;;;;;;;;000;;;;;;;;;;00000000;00000000;00000000;0.0000000;;;;;;;;;;;;;;00000000;;;;;;;;00000000;;;;;;;00000000;;;;20261031;;00000000;;0000;0000;;;;;;;;;;;;;
