CUSTOMER;CUSTOMERNAME;CUSTOMERFULLNAME;BPCUSTOMERNAME;BPCUSTOMERFULLNAME;CREATEDBYUSER;CREATIONDATE;ADDRESSID;CUSTOMERCLASSIFICATION;VATREGISTRATION;CUSTOMERACCOUNTGROUP;AUTHORIZATIONGROUP;DELIVERYISBLOCKED;POSTINGISBLOCKED;BILLINGISBLOCKEDFORCUSTOMER;ORDERISBLOCKEDFORCUSTOMER;INTERNATIONALLOCATIONNUMBER1;ISONETIMEACCOUNT;TAXJURISDICTION;INDUSTRY;TAXNUMBERTYPE;TAXNUMBER1;TAXNUMBER2;TAXNUMBER3;TAXNUMBER4;TAXNUMBER5;TAXNUMBER6;CUSTOMERCORPORATEGROUP;SUPPLIER;NIELSENREGION;INDUSTRYCODE1;INDUSTRYCODE2;INDUSTRYCODE3;INDUSTRYCODE4;INDUSTRYCODE5;COUNTRY;ORGANIZATIONBPNAME1;ORGANIZATIONBPNAME2;CITYNAME;POSTALCODE;STREETNAME;SORTFIELD;FAXNUMBER;BR_SUFRAMACODE;REGION;TELEPHONENUMBER1;TELEPHONENUMBER2;ALTERNATIVEPAYERACCOUNT;DATAMEDIUMEXCHANGEINDICATOR;VATLIABILITY;ISBUSINESSPURPOSECOMPLETED;RESPONSIBLETYPE;FISCALADDRESS;NFPARTNERISNATURALPERSON;DELETIONINDICATOR;LANGUAGE;TRADINGPARTNER;DELIVERYDATETYPERULE;EXPRESSTRAINSTATIONNAME;TRAINSTATIONNAME;INTERNATIONALLOCATIONNUMBER2;INTERNATIONALLOCATIONNUMBER3;CITYCODE;COUNTY;CUSTOMERHASUNLOADINGPOINT;CUSTOMERWORKINGTIMECALENDAR;ISCOMPETITOR;TAXINVOICEREPRESENTATIVENAME;BUSINESSTYPE;INDUSTRYTYPE;TW_COLLVBILLINGISSUPPORTED;ALTERNATIVEPAYEEISALLOWED;FREEDEFINEDATTRIBUTE01;FREEDEFINEDATTRIBUTE02;FREEDEFINEDATTRIBUTE03;FREEDEFINEDATTRIBUTE04;FREEDEFINEDATTRIBUTE05;FREEDEFINEDATTRIBUTE06;FREEDEFINEDATTRIBUTE07;FREEDEFINEDATTRIBUTE08;FREEDEFINEDATTRIBUTE09;FREEDEFINEDATTRIBUTE10;PAYMENTREASON;CUSTOMERCONDITIONGROUP1;CUSTOMERCONDITIONGROUP2;CUSTOMERCONDITIONGROUP3;CUSTOMERCONDITIONGROUP4;CUSTOMERCONDITIONGROUP5;ISSALESPROSPECT;PAYMENTISBLOCKEDFORCUSTOMER;ISCONSUMER;DATACONTROLLERSET;DATACONTROLLER1;DATACONTROLLER2;DATACONTROLLER3;DATACONTROLLER4;DATACONTROLLER5;DATACONTROLLER6;DATACONTROLLER7;DATACONTROLLER8;DATACONTROLLER9;DATACONTROLLER10;BUSINESSPARTNERNAME1;BUSINESSPARTNERNAME2;BUSINESSPARTNERNAME3;BUSINESSPARTNERNAME4;BPADDRCITYNAME;BPADDRSTREETNAME;ADDRESSSEARCHTERM1;ADDRESSSEARCHTERM2;DISTRICTNAME;POBOXDEVIATINGCITYNAME;BUSINESSPARTNERFORMOFADDRESS
0010100065;Inlandskunde DE 65;Company Inlandskunde DE 65/74214 Schöntal;Inlandskunde DE 65;Inlandskunde DE 65;BPINST;20251016;0000027489;;DE192455022;CUST;;;;;;0000000;;;;;;;;;;;;;;;;;;;DE;Inlandskunde DE 65;;Schöntal;74214;Lindenstraße 2;KUNDE1;;;BW;09990 4513-0;;;;;;;;;;D;;;;;00000;0;;;;;;;;;;;;;;;;;;;;;;;;;;;;;;;;;;;;;;;;;Inlandskunde DE 65;;;;Schöntal;Lindenstraße;KUNDE1;;;;0003
0010100066;Inlandskunde DE 66;Company Inlandskunde DE 66/09119 Chemnitz;Inlandskunde DE 66;Inlandskunde DE 66;BPINST;20251016;0000027490;;DE178562898;CUST;;;;;;0000000;;;;;;;;;;;;;;;;;;;DE;Inlandskunde DE 66;;Chemnitz;09119;Platnerstraße 45;KUNDE2;;;SN;09990 41252-0;;;;;;;;;;D;;;;;00000;0;;;;;;;;;;;;;;;;;;;;;;;;;;;;;;;;;;;;;;;;;Inlandskunde DE 66;;;;Chemnitz;Platnerstraße;KUNDE2;;;;0003
0017100023;Domestic US Customer 23;Company Domestic US Customer 23/70363-5455 Houma;Domestic US Customer 23;Domestic US Customer 23;BPINST;20251016;0000027495;;;FICA;;;;;;0000000;;LA00000000;;;;;;;;;;;;;;;;;US;Domestic US Customer 23;;Houma;70363-5455;100 Boundary Rd;CUSTUS23;;;LA;999-654-2356;;;;;;;;;;E;;;;;00000;0;;;;;;;;;;;;;;;;;;;;;;;;;;;;;;;;;;;;;;;;;Domestic US Customer 23;;;;Houma;Boundary Rd;CUSTUS23;;;;0003
0017100024;Domestic US Customer 24;Company Domestic US Customer 24/68847-5457 Kearney;Domestic US Customer 24;Domestic US Customer 24;BPINST;20251016;0000027496;;;FICA;;;;;;0000000;;NE00000000;;;;;;;;;;;;;;;;;US;Domestic US Customer 24;;Kearney;68847-5457;1 East 24th St;CUSTUS24;;;NE;999-123-5632;;;;;;;;;;E;;;;;00000;0;;;;;;;;;;;;;;;;;;;;;;;;;;;;;;;;;;;;;;;;;Domestic US Customer 24;;;;Kearney;East 24th St;CUSTUS24;;;;0003
0017100028;Domestic US Customer 28;Company Domestic US Customer 28/68847-5457 Kearney;Domestic US Customer 28;Domestic US Customer 28;BPINST;20251016;0000027497;;;FICA;;;;;;0000000;;NE00000000;;;;;;;;;;;;;;;;;US;Domestic US Customer 28;;Kearney;68847-5457;18 East 24th St;CUSTUS28;;;NE;999-123-5638;;;;;;;;;;E;;;;;00000;0;;;;;;;;;;;;;;;;;;;;;;;;;;;;;;;;;;;;;;;;;Domestic US Customer 28;;;;Kearney;East 24th St;CUSTUS28;;;;0003
0017100029;Domestic US Customer 29;Company Domestic US Customer 29/68847-5457 Kearney;Domestic US Customer 29;Domestic US Customer 29;BPINST;20251016;0000027498;;;FICA;;;;;;0000000;;NE00000000;;;;;;;;;;;;;;;;;US;Domestic US Customer 29;;Kearney;68847-5457;19 East 24th St;CUSTUS29;;;NE;999-123-5637;;;;;;;;;;E;;;;;00000;0;;;;;;;;;;;;;;;;;;;;;;;;;;;;;;;;;;;;;;;;;Domestic US Customer 29;;;;Kearney;East 24th St;CUSTUS29;;;;0003
0017100021;Domestic US Customer 21;Company Domestic US Customer 21/30315-1402 Atlanta;Domestic US Customer 21;Domestic US Customer 21;BPINST;20251016;0000027500;;;FICA;;;;;;0000000;;GA00000000;;;;;;;;;;;;;;;;;US;Domestic US Customer 21;;Atlanta;30315-1402;200 Augusta Ave SE;CUSTUS21;;;GA;999 555 6721;;;;;;;;;;E;;;;;00000;0;;;;;;;;;;;;;;;;;;;;;;;;;;;;;;;;;;;;;;;;;Domestic US Customer 21;;;;Atlanta;Augusta Ave SE;CUSTUS21;;;;0003
0017100065;Domestic US Customer 65;Company Domestic US Customer 65/30315-1402 Atlanta;Domestic US Customer 65;Domestic US Customer 65;BPINST;20251016;0000027512;;;CUST;;;;;;0000000;;GA00000000;;;;;;;;;;;;;;;;;US;Domestic US Customer 65;;Atlanta;30315-1402;200 Augusta Ave SE;CUST1;;;GA;999 555 6721;;;;;;;;;;E;;;;;00000;0;;;;;;;;;;;;;;;;;;;;;;;;;;;;;;;;;;;;;;;;;Domestic US Customer 65;;;;Atlanta;Augusta Ave SE;CUST1;;;;0003
0017100066;Domestic US Customer 66;Company Domestic US Customer 66/91910-1007 Chula Vista;Domestic US Customer 66;Domestic US Customer 66;BPINST;20251016;0000027513;;;CUST;;;;;;0000000;;CA00000000;;;;;;;;;;;;;;;;;US;Domestic US Customer 66;;Chula Vista;91910-1007;15 N 4th Ave;CUST2;;;CA;999 585 1245;;;;;;;;;;E;;;;;00000;0;;;;;;;;;;;;;;;;;;;;;;;;;;;;;;;;;;;;;;;;;Domestic US Customer 66;;;;Chula Vista;N 4th Ave;CUST2;;;;0003
0010154801;JIT Company;Company JIT Company/85399 Hallbergmoos;JIT Company;JIT Company;BPINST;20190926;0000024965;;;CUST;;;;;;0000000;;;;;;;;;;;;;;;;;;;DE;JIT Company;;Hallbergmoos;85399;Zeppelinstraße 2;JIT;;;BY;06227747474;;;;;;;;;;D;;;;;00000;0;;;X;;;;;;;;;;;;;;;;;;;;;;;;;;;;;;;;;;;;;;JIT Company;;;;Hallbergmoos;Zeppelinstraße;JIT;;;;0003
0017411710;Plant 1710 US; Plant 1710 US/94304 Palo Alto;Plant 1710 US;Plant 1710 US;S4H_TM_TP;20180123;0000024109;;;CUST;;;;;;0000000;;;;;;;;;;;;;;;;;;;US;Plant 1710 US;;Palo Alto;94304;3475 Deer Creek;PLNT1710;;;CA;;;;;;;;;;;E;;;;;00000;0;;;;;;;;;;;;;;;;;;;;;;;;;;;;;;;;;;;;;;;;;Plant 1710 US;;;;Palo Alto;Deer Creek;PLNT1710;;Santa Clara;;
0010100003;Inlandskunde DE 3;Company Inlandskunde DE 3/55257 Budenheim;Inlandskunde DE 3;Inlandskunde DE 3;BPINST;20171017;0000023768;;DE204797706;CUST;;;;;;0000000;;;;;;;;;;;;;;;;;;;DE;Inlandskunde DE 3;;Budenheim;55257;Römerstraße 1230;KUNDE3;;;RP;09990 365-0;;;;;;;;;;D;;;;;00000;0;;;;;;;;;;;;;;;;;;;;;;;;;;;;;;;;;;;;;;;;;Inlandskunde DE 3;;;;Budenheim;Römerstraße;KUNDE3;;;;0003
0010100004;Inlandskunde DE 4;Company Inlandskunde DE 4/35578 Wetzlar;Inlandskunde DE 4;Inlandskunde DE 4;BPINST;20171017;0000023770;;DE161882268;CUST;;;;;;0000000;;;;;;;;;;;;;;;;;;;DE;Inlandskunde DE 4;;Wetzlar;35578;Lahnbergweg 23;KUNDE4;;;HE;09990 3568-0;;;;;;;;;;D;;;;;00000;0;;;;;;;;;;;;;;;;;;;;;;;;;;;;;;;;;;;;;;;;;Inlandskunde DE 4;;;;Wetzlar;Lahnbergweg;KUNDE4;;;;0003
0010100006;Inlandskunde DE 6 (Retouren);Company Inlandskunde DE 6 (Retouren)/22767 Hamburg;Inlandskunde DE 6 (Retouren);Inlandskunde DE 6 (Retouren);BPINST;20171017;0000023772;;DE204894864;CUST;;;;;;0000000;;;;;;;;;;;;0010300006;;;;;;;DE;Inlandskunde DE 6 (Retouren);;Hamburg;22767;Holstenstraße 1142;KUNDE6;;;HH;09990 25420-0;;;;;;;;;;D;;;;;00000;0;;;;;;;;;;;;;;;;;;;;;;;;;;;;;;;;;;;;;;;;;Inlandskunde DE 6 (Retouren);;;;Hamburg;Holstenstraße;KUNDE6;;;;0003
0010100008;Inlandskunde DE 8;Company Inlandskunde DE 8/35578 Wetzlar;Inlandskunde DE 8;Inlandskunde DE 8;BPINST;20171017;0000023774;;DE161884265;CUST;;;;;;0000000;;;;;;;;;;;;;;;;;;;DE;Inlandskunde DE 8;;Wetzlar;35578;Lahnbergweg 83;KUNDE8;;;HE;09990 28920-0;;;;;;;;;;D;;;;;00000;0;;;;;;;;;;;;;;;;;;;;;;;;;;;;;;;;;;;;;;;;;Inlandskunde DE 8;;;;Wetzlar;Lahnbergweg;KUNDE8;;;;0003
0010100009;Inlandskunde DE 9;Company Inlandskunde DE 9/35578 Wetzlar;Inlandskunde DE 9;Inlandskunde DE 9;BPINST;20171017;0000023776;;DE161882378;CUST;;;;;;0000000;;;;;;;;;;;;;;;;;;;DE;Inlandskunde DE 9;;Wetzlar;35578;Lahnbergweg 93;KUNDE9;;;HE;09990 4558-0;;;;;;;;;;D;;;;;00000;0;;;;;;;;;;;;;;;;;;;;;;;;;;;;;;;;;;;;;;;;;Inlandskunde DE 9;;;;Wetzlar;Lahnbergweg;KUNDE9;;;;0003
0010100005;Inlandskunde DE 5 (CMS);Company Inlandskunde DE 5 (CMS)/33803 Steinhagen;Inlandskunde DE 5 (CMS);Inlandskunde DE 5 (CMS);BPINST;20171017;0000023780;;DE813031031;CUST;;;;;;0000000;;;;;;;;;;;;;;;;;;;DE;Inlandskunde DE 5 (CMS);;Steinhagen;33803;Heinrichstraße 1020;KUNDE5;;;NW;09990 4513-0;;;;;;;;;;D;;;;;00000;0;;;;;;;;;;;;;;;;;;;;;;;;;;;;;;;;;;;;;;;;;Inlandskunde DE 5 (CMS);;;;Steinhagen;Heinrichstraße;KUNDE5;;;;0003
0010100273;Inlandskunde DE CPD;Company Inlandskunde DE CPD/66119 Saarbrücken;Inlandskunde DE CPD;Inlandskunde DE CPD;BPINST;20171017;0000023782;;DE192455022;CPD;;;;;;0000000;X;;;;;;;;;;;;;;;;;;DE;Inlandskunde DE CPD;;Saarbrücken;66119;;;;;;;;;;;;;;;;D;;;;;00000;0;;;;;;;;;;;;;;;;;;;;;;;;;;;;;;;;;;;;;;;;;Inlandskunde DE CPD;;;;Saarbrücken;;;;;;0003
0010100050;Ausländischer Kunde 50 (US);Company Ausländischer Kunde 50 (US)/70817-3609 Baton Rouge;Ausländischer Kunde 50 (US);Ausländischer Kunde 50 (US);BPINST;20171017;0000023786;;;CUST;;;;;;0000000;;;;;;;;;;;;;;;;;;;US;Ausländischer Kunde 50 (US);;Baton Rouge;70817-3609;15400 Confederate Ave;KUNDE50;;;LA;999 236 5237;;;;;;;;;;E;;;;;00000;0;;;;;;;;;;;;;;;;;;;;;;;;;;;;;;;;;;;;;;;;;Ausländischer Kunde 50 (US);;;;Baton Rouge;Confederate Ave;KUNDE50;;;;0003
0010100014;PAYER - Zentrale Walldorf;Company PAYER - Zentrale Walldorf/69190 Walldorf;PAYER - Zentrale Walldorf;PAYER - Zentrale Walldorf;BPINST;20181030;0000024528;;DE204797706;CUST;;;;;;0000000;;;;;;;;;;;;;;;;;;;DE;PAYER - Zentrale Walldorf;;Walldorf;69190;Robert-Bosch-Straße 3;INVOICE LI;;;BW;09990 365-0;;;;;;;;;;D;;;;;00000;0;;;;;;;;;;;;;;;;;;;;;;;;;;;;;;;;;;;;;;;;;PAYER - Zentrale Walldorf;;;;Walldorf;Robert-Bosch-Straße;INVOICE LIST;;;;0003
0010100100;Inlandskunde DE 100 (SEPA);Company Inlandskunde DE 100 (SEPA)/66119 Saarbrücken;Inlandskunde DE 100 (SEPA);Inlandskunde DE 100 (SEPA);BPINST;20171017;0000023790;;DE275141334;CUST;;;;;;0000000;;;;;;;;;;;;;;;;;;;DE;Inlandskunde DE 100 (SEPA);;Saarbrücken;66119;Lohmeyerstraße 1420;KUNDE100;;;SL;09990 9821-0;;;;;;;;;;D;;;;;00000;0;;;;;;;;;;;;;;;;;;;;;;;;;;;;;;;;;;;;;;;;;Inlandskunde DE 100 (SEPA);;;;Saarbrücken;Lohmeyerstraße;KUNDE100;;;;0003
0010100007;Inland-Lohnbearbeiter A , DE;Company Inland-Lohnbearbeiter A , DE/39343 Alleringersleben;Inland-Lohnbearbeiter A , DE;Inland-Lohnbearbeiter A , DE;BPINST;20171018;0000023807;;DE221983915;CUST;;;;;;0000000;;;;;;;;;;;;0010300007;;;;;;;DE;Inland-Lohnbearbeiter A , DE;;Alleringersleben;39343;Hauptstraße 12;SUBCON;;;ST;09990 953-0;;;;;;;;;;D;;;;;00000;0;;;;;;;;;;;;;;;;;;;;;;;;;;;;;;;;;;;;;;;;;Inland-Lohnbearbeiter A , DE;;;;Alleringersleben;Hauptstraße;SUBCON;;;;0003
0010100060;Foreign DE Customer 60 (HU);Company Foreign DE Customer 60 (HU)/2030 Budapest;Foreign DE Customer 60 (HU);Foreign DE Customer 60 (HU);BPINST;20171018;0000023818;;HU12345671;CUST;;;;;;0000000;;;;;;;;;;;;;;;;;;;HU;Foreign DE Customer 60 (HU);;Budapest;2030;Gellért Irodaház 800;KUNDE1;;;;0036 4578 335-0;;;;;;;;;;H;;;;;00000;0;;;;;;;;;;;;;;;;;;;;;;;;;;;;;;;;;;;;;;;;;Foreign DE Customer 60 (HU);;;;Budapest;Gellért Irodaház;KUNDE1;;;;0003
0010100012;Inlandskunde Invoice List;Company Inlandskunde Invoice List/69120 Heidelberg;Inlandskunde Invoice List;Inlandskunde Invoice List;BPINST;20181030;0000024530;;DE204797706;CUST;;;;;;0000000;;;;;;;;;;;;;;;;;;;DE;Inlandskunde Invoice List;;Heidelberg;69120;Ladenburger Strasse 22;INVOICE LI;;;BW;09990 365-0;;;;;;;;;;D;;;;;00000;0;;;;;;;;;;;;;;;;;;;;;;;;;;;;;;;;;;;;;;;;;Inlandskunde Invoice List;;;;Heidelberg;Ladenburger Strasse;INVOICE LIST;;;;0003
USCU_S04;Fit Cycles;Company Fit Cycles/04101 PORTLAND;Fit Cycles;Fit Cycles;BPINST;20171008;0000023657;;;KUNA;;;;;;0000000;;ME00000000;;;;0;;;;;;;;;;;;;US;Fit Cycles;;PORTLAND;04101;;CBK07;;;ME;;;;;;;;;;;E;;;;;00000;0;;;;;;;;;;;;;;;;;;;;;;;;;;;;;;;;;;;;;;;;;Fit Cycles;;;;PORTLAND;;CBK07;;CUMBERLAND;;0003
0017186003;US TM Customer3; US TM Customer3/76104 Fort Worth;US TM Customer3;US TM Customer3;S4H_TM_TP;20180122;0000024071;;;CUST;;;;;;0000000;;TX00000000;;;;0;;;;;;;;;;;;;US;US TM Customer3;;Fort Worth;76104;500 Bryan Avenue;CUSTUSTM3;;;TX;817-871-4546;;;;;;;;;;E;;;;;00000;0;;;;;;;;;;;;;;;;;;;;;;;;;;;;;;;;;;;;;;;;;US TM Customer3;;;;Fort Worth;Bryan Avenue;CUSTUSTM3;;Tarrant;;
0010100013;Inlandskunde Invoice List;Company Inlandskunde Invoice List/64625 Bensheim;Inlandskunde Invoice List;Inlandskunde Invoice List;BPINST;20181030;0000024532;;DE204797706;CUST;;;;;;0000000;;;;;;;;;;;;;;;;;;;DE;Inlandskunde Invoice List;;Bensheim;64625;Albert-Einstein-Straße 3;CUST13;;;BW;09990 365-0;;;;;;;;;;D;;;;;00000;0;;;;;;;;;;;;;;;;;;;;;;;;;;;;;;;;;;;;;;;;;Inlandskunde Invoice List;;;;Bensheim;Albert-Einstein-Straße;CUST13;;;;0003
0010100051;Ausländischer Kunde 51 (FR);Company Ausländischer Kunde 51 (FR)/33063 Bordeaux;Ausländischer Kunde 51 (FR);Ausländischer Kunde 51 (FR);BPINST;20171017;0000023788;;FR10379821994;CUST;;;;;;0000000;;;;;;;;;;;;;;;;;;;FR;Ausländischer Kunde 51 (FR);;Bordeaux;33063;60 Rue de Belfort;KUNDE51;;;33;9999 32000-0;;;;;;;;;;F;;;;;00000;0;;;;;;;;;;;;;;;;;;;;;;;;;;;;;;;;;;;;;;;;;Ausländischer Kunde 51 (FR);;;;Bordeaux;Rue de Belfort;KUNDE51;;;;0003
0010200001;Supplier/Customer for Intrastat (HU);Company Supplier/Customer for Intrastat (HU/1032 Budapest;Supplier/Customer for Intrastat (HU);Supplier/Customer for Intrastat (HU);BPINST;20171018;0000023820;;HU12345688;CUST;;;;;;0000000;;;;;;;;;;;;0010200001;;;;;;;HU;Supplier/Customer for Intrastat (HU;;Budapest;1032;1139 Váci út 71 60;BP1;;;;9999 3288-0;;;;;;;;;;E;;;;;00000;0;;;;;;;;;;;;;;;;;;;;;;;;;;;;;;;;;;;;;;;;;Supplier/Customer for Intrastat (HU);;;;Budapest;1139 Váci út 71;BP1;;;;0003
0010300010;Inlandslieferant DE 1;Company Inlandslieferant DE 1/45721 Haltern am See;Inlandslieferant DE 1;Inlandslieferant DE 1;BPINST;20181031;0000024536;;DE178562898;CUST;;;;;;0000000;;;;;;;;;;;;0010300095;;;;;;;DE;Inlandslieferant DE 1;;Haltern am See;45721;Hullerner Straße 23;LIEF1;;;NW;09990 5232-0;;;;;;;;;;D;;;;;00000;0;;;;;;;;;;;;;;;;;;;;;;;;;;;;;;;;;;;;;;;;;Inlandslieferant DE 1;;;;Haltern am See;Hullerner Straße;LIEF1;;;;0003
DVCUST_DE;Digital Vehicle Customer Company;Company Digital Vehicle Customer Company/85399 Hallbergmoos;Digital Vehicle Customer Company;Digital Vehicle Customer Company;BPINST;20221017;0000026235;;;CUST;;;;;;0000000;;;;;;;;;;;;;;;;;;;DE;Digital Vehicle Customer Company;;Hallbergmoos;85399;Zeppelinstraße 2;DIGITAL VE;;;BY;06227747474;;;;;;;;;;D;;;;;00000;0;;;;;;;;;;;;;;;;;;;;;;;;;;;;;;;;;;;;;;;;;Digital Vehicle Customer Company;;;;Hallbergmoos;Zeppelinstraße;DIGITAL VEHICLE CUST;;;;0003
0001000010;Shipping Point 1710 - Address Name 1; Shipping Point 1710 - Address Name/94304-1355 Palo Alto;Shipping Point 1710 - Address Name 1;Shipping Point 1710 - Address Name 1;S4H_TM_MH;20181109;0000024637;;;CUST;;;;;;0000000;;7700000000;;;;;;;;;;;;;;;;;US;Shipping Point 1710 - Address Name;;Palo Alto;94304-1355;3475 Deer Creek;SP1710;;;CA;;;;;;;;;;;E;;;;;00000;0;;;;;;;;;;;;;;;;;;;;;;;;;;;;;;;;;;;;;;;;;Shipping Point 1710 - Address Name 1;;;;Palo Alto;Deer Creek;SP1710;;Santa Clara;;
0010100002;Inlandskunde DE 2;Company Inlandskunde DE 2/09119 Chemnitz;Inlandskunde DE 2;Inlandskunde DE 2;BPINST;20171017;0000023744;;DE178562898;CUST;;;;;;0000000;;;;;;;;;;;;;;;;;;;DE;Inlandskunde DE 2;;Chemnitz;09119;Platnerstraße 45;$KUNDE;;;SN;09990 41252-0;;;;;;;;;;D;;;;;00000;0;;;;;;;;;;;;;;;;;;;;;;;;;;;;;;;;;;;;;;;;;Inlandskunde DE 2;;;;Chemnitz;Platnerstraße;$KUNDE;;;;0003
0010401010;Buchungskreis 1010 als Geschäftspartner;Company Buchungskreis 1010 als Geschäftspar/69190 Walldorf;Buchungskreis 1010 als Geschäftspartner;Buchungskreis 1010 als Geschäftspartner;BPINST;20221017;0000026237;;DE154512324;CUST;;;;;;0000000;;;;;;;;;;;;0010401010;;;;;;;DE;Buchungskreis 1010 als Geschäftspar;;Walldorf;69190;Dietmar-Hopp-Allee 1;$KUNDE;;;BW;09990 777-0;;;;;;;;;;D;001010;;;;00000;0;;;;;;;;;;;;;;;;;;;;;;;;;;;;;;;;;;;;;;;;;Buchungskreis 1010 als Geschäftspartner;;;;Walldorf;Dietmar-Hopp-Allee;$KUNDE;;;;0003
0017100014;PAYER - Central;Company PAYER - Central/30315-1402 Atlanta;PAYER - Central;PAYER - Central;BPINST;20181009;0000024409;;;CUST;;;;;;0000000;;GA00000000;;;;;;;;;;;;;;;;;US;PAYER - Central;;Atlanta;30315-1402;100 Augusta Ave SE;INVOICE LI;;;GA;999 555 6721;;;;;;;;;;E;;;;;00000;0;;;;;;;;;;;;;;;;;;;;;;;;;;;;;;;;;;;;;;;;;PAYER - Central;;;;Atlanta;Augusta Ave SE;INVOICE LIST;;;;0003
0010100011;SAP SE;Company SAP SE/69190 Walldorf;SAP SE;SAP SE;BPINST;20171018;0000023823;;DE210157578;CUST;;;;;;0000000;;;;;;;;;;;;;;;;;;;DE;SAP SE;;Walldorf;69190;Dietmar-Hopp-Allee 7;KUNDE11;;;BW;09990 1234-0;;;;;;;;;;D;;;;;00000;0;;;;;;;;;;;;;;;;;;;;;;;;;;;;;;;;;;;;;;;;;SAP SE;;;;Walldorf;Dietmar-Hopp-Allee;KUNDE11;;;;0003
0010411010;Werk 1010 als Geschäftspartner;Company Werk 1010 als Geschäftspartner/69190 Walldorf;Werk 1010 als Geschäftspartner;Werk 1010 als Geschäftspartner;S4H_FIN;20221123;0000026385;;DE154512324;CUST;;;;;;0000000;;;;;;;;;;;;0010411010;;;;;;;DE;Werk 1010 als Geschäftspartner;;Walldorf;69190;Dietmar-Hopp-Alle 1;$KUNDE;;;BW;09990 777-0;;;;;;;;;;D;;;;;00000;0;;;;;;;;;;;;;;;;;;;;;;;;;;;;;;;;;;;;;;;;;Werk 1010 als Geschäftspartner;;;;Walldorf;Dietmar-Hopp-Alle;$KUNDE;;;;0003
0017100001;Domestic US Customer 1;Company Domestic US Customer 1/30315-1402 Atlanta;Domestic US Customer 1;Domestic US Customer 1;BPINST;20171005;0000023422;;;CUST;;;;;;0000000;;GA00000000;;;;;;;;;;;;;;;;;US;Domestic US Customer 1;;Atlanta;30315-1402;200 Augusta Ave SE;CUST1;;;CA;999 555 6721;;;;;;;;;;E;;;;;00000;0;;;;;;;;;;;;;;;;;;;;;;;;;;;;;;;;;;;;;;;;;Domestic US Customer 1;;;;Atlanta;Augusta Ave SE;CUST1;;;;0003
0017100273;Domestic US CPD;Company Domestic US CPD/67208-2915 WICHITA;Domestic US CPD;Domestic US CPD;BPINST;20171005;0000023474;;;CPD;;;;;;0000000;X;KS00000000;;;;;;;;;;;;;;;;;US;Domestic US CPD;;WICHITA;67208-2915;;;;;;;;;;;;;;;;E;;;;;00000;0;;;;;;;;;;;;;;;;;;;;;;;;;;;;;;;;;;;;;;;;;Domestic US CPD;;;;WICHITA;;;;;;0003
0017154801;JIT Company;Company JIT Company/19073 Newtown Square;JIT Company;JIT Company;BPINST;20190927;0000024985;;;CUST;;;;;;0000000;;PA00000000;;;;;;;;;;;;;;;;;US;JIT Company;;Newtown Square;19073;3999 West Chester Pike;JIT;;;PA;16106611000;;;;;;;;;;E;;;;;00000;0;;;X;;;;;;;;;;;;;;;;;;;;;;;;;;;;;;;;;;;;;;JIT Company;;;;Newtown Square;West Chester Pike;JIT;;;;0003
DVCUST_US;Digital Vehicle Customer Company;Company Digital Vehicle Customer Company/19073 Newtown Square;Digital Vehicle Customer Company;Digital Vehicle Customer Company;BPINST;20221017;0000026242;;;CUST;;;;;;0000000;;PA00000000;;;;;;;;;;;;;;;;;US;Digital Vehicle Customer Company;;Newtown Square;19073;3999 West Chester Pike;DIGITAL VE;;;PA;16106611000;;;;;;;;;;E;;;;;00000;0;;;;;;;;;;;;;;;;;;;;;;;;;;;;;;;;;;;;;;;;;Digital Vehicle Customer Company;;;;Newtown Square;West Chester Pike;DIGITAL VEHICLE CUST;;;;0003
0017401710;SAP SE;Company SAP SE/94304-1355 Palo Alto;SAP SE;SAP SE;BPINST;20221017;0000026244;;;CUST;;;;;;0000000;;CA00000000;;;;;;;;;;0017401710;;;;;;;US;SAP SE;;Palo Alto;94304-1355;3475 Deer Creek;COMP1710;;;CA;999 777 3475;;;;;;;;;;E;001710;;;;00000;0;;;;;;;;;;;;;;;;;;;;;;;;;;;;;;;;;;;;;;;;;SAP SE;;;;Palo Alto;Deer Creek;COMP1710;;;;0003
0017186004;US TM Customer4; US TM Customer4/95064 Santa Cruz;US TM Customer4;US TM Customer4;S4H_TM_TP;20180122;0000024074;;;CUST;;;;;;0000000;;CA00000000;;;;;;;;;;;;;;;;;US;US TM Customer4;;Santa Cruz;95064;1656 High St;CUSTUSTM4;;;CA;831-456-1234;;;;;;;;;;E;;;;;00000;0;;;;;;;;;;;;;;;;;;;;;;;;;;;;;;;;;;;;;;;;;US TM Customer4;;;;Santa Cruz;High St;CUSTUSTM4;;Santa Cruz;;
0017186005;US TM Customer5; US TM Customer5/95023 Hollister;US TM Customer5;US TM Customer5;S4H_TM_TP;20180123;0000024085;;;CUST;;;;;;0000000;;CA00000000;;;;;;;;;;;;;;;;;US;US TM Customer5;;Hollister;95023;1804 McCray;CUSTUSTM5;;;CA;408-467-8605;;;;;;;;;;E;;;;;00000;0;;;;;;;;;;;;;;;;;;;;;;;;;;;;;;;;;;;;;;;;;US TM Customer5;;;;Hollister;McCray;CUSTUSTM5;;San Benito;;
0017186006;US TM Customer6; US TM Customer6/94060 Pescadero;US TM Customer6;US TM Customer6;S4H_TM_TP;20180123;0000024087;;;CUST;;;;;;0000000;;CA00000000;;;;;;;;;;;;;;;;;US;US TM Customer6;;Pescadero;94060;2500 Rossi Road;CUSTUSTM6;;;CA;650-789-1100;;;;;;;;;;E;;;;;00000;0;;;;;;;;;;;;;;;;;;;;;;;;;;;;;;;;;;;;;;;;;US TM Customer6;;;;Pescadero;Rossi Road;CUSTUSTM6;;San Mateo;;
0003000030;Company test;Company Company test/69115 Heidelberg;Company test;Company test;SAP_WFRT;20200218;0000025265;;;DEBI;;;;;;0000000;;;;;;;;;;;;;;;;;;;DE;Company test;;Heidelberg;69115;;EM;;;;;;;;;;;;;;D;;;;;00000;0;;;;;;;;;;;;;;;;;;;;;;;;;;;;;;;;;;;;;;;;;Company test;;;;Heidelberg;;EM;;;;0003
0017100002;Domestic US Customer 2;Company Domestic US Customer 2/91910-1007 Chula Vista;Domestic US Customer 2;Domestic US Customer 2;BPINST;20171005;0000023424;;;CUST;;;;;;0000000;;CA00000000;;;;;;;;;;;;;;;;;US;Domestic US Customer 2;;Chula Vista;91910-1007;15 N 4th Ave;CUST2;;;CA;999 585 1245;;;;;;;;;;E;;;;;00000;0;;;;;;;;;;;;;;;;;;;;;;;;;;;;;;;;;;;;;;;;;Domestic US Customer 2;;;;Chula Vista;N 4th Ave;CUST2;;;;0003
0012345678;Cust; Cust/94043-1315 Mountain View;Cust;Cust;S4H_MG;20171026;0000023872;;;CUST;;;;;;0000000;;;;;;;;;;;;;;;;;;;US;Cust;;Mountain View;94043-1315;;TEST1;;;;;;;;;;;;;;E;;;;;00000;0;;;;;;;;;;;;;;;;;;;;;;;;;;;;;;;;;;;;;;;;;Cust;;;;Mountain View;;TEST1;;;;
0001000149;SAP SE; SAP SE/14469 Potsdam;SAP SE;SAP SE;MDG_EXPERT;20201105;0000025565;;;CUST;;;;;;0000000;;;;;;;;;;;;;;;;;;;DE;SAP SE;;Potsdam;14469;Konrad-Zuse-Ring 1;;;;;33197995100;;;;;;;;;;E;;;;;00000;0;;;;;;;;;;;;;;;;;;;;;;;;;;;;;;;;;;;;;;;;;SAP SE;;;;Potsdam;Konrad-Zuse-Ring 1;;;;;
0017100003;Domestic Customer US 3;Company Domestic Customer US 3/70363-5455 Houma;Domestic Customer US 3;Domestic Customer US 3;BPINST;20171005;0000023460;;;CUST;;;;;;0000000;;LA00000000;;;;;;;;;;;;;;;;;US;Domestic Customer US 3;;Houma;70363-5455;100 Boundary Rd;CUSTUS3;;;LA;999-654-2356;999-654-2356;;;;;;;;;E;;;;;00000;0;;;;;;;;;;;;;;;;;;;;;;;;;;;;;;;;;;;;;;;;;Domestic Customer US 3;;;;Houma;Boundary Rd;CUSTUS3;;;;0003
0010100001;Inlandskunde DE 1;Company Inlandskunde DE 1KUNDE1/74214 Schöntal;Inlandskunde DE 1;Inlandskunde DE 1 KUNDE1;BPINST;20171017;0000023742;;DE192455022;CUST;;;;;;0000000;;;;;;;;;;;;;;;;;;;DE;Inlandskunde DE 1;;Schöntal;74214;Lindenstraße 2;;;;08;09990 4513-0;;;;;;;;;;D;;;;;00000;0;;;;;;;;;;;;;;;;;;;;;;;;;;;;;;;;;;;;;;;;;Inlandskunde DE 1;;KUNDE1;;Schöntal;Lindenstraße;;;;;0003
0017100004;Domestic Customer US 4;Company Domestic Customer US 4/68847-5457 Kearney;Domestic Customer US 4;Domestic Customer US 4;BPINST;20171005;0000023462;;;CUST;;;;;;0000000;;NE00000000;;;;;;;;;;;;;;;;;US;Domestic Customer US 4;;Kearney;68847-5457;1 East 24th St;CUSTUS4;;;NE;999-123-5632;;;;;;;;;;E;;;;;00000;0;;;;;;;;;;;;;;;;;;;;;;;;;;;;;;;;;;;;;;;;;Domestic Customer US 4;;;;Kearney;East 24th St;CUSTUS4;;;;0003
0017100005;Domestic US Customer 5 (CMS);Company Domestic US Customer 5 (CMS)/59101-2614 Billings;Domestic US Customer 5 (CMS);Domestic US Customer 5 (CMS);BPINST;20171005;0000023472;;;CUST;;;;;;0000000;;MT00000000;;;;;;;;;;;;;;;;;US;Domestic US Customer 5 (CMS);;Billings;59101-2614;1000 2nd Ave N;CUST5;;;MT;999-235-6145;;;;;;;;;;E;;;;;00000;0;;;;;;;;;;;;;;;;;;;;;;;;;;;;;;;;;;;;;;;;;Domestic US Customer 5 (CMS);;;;Billings;2nd Ave N;CUST5;;;;0003
0017100051;Foreign Customer 51 (CA);Company Foreign Customer 51 (CA)/T1X 0L3 Calgary;Foreign Customer 51 (CA);Foreign Customer 51 (CA);BPINST;20171005;0000023478;;;CUST;;;;;;0000000;;;;;;;;;;;;;;;;;;;CA;Foreign Customer 51 (CA);;Calgary;T1X 0L3;3201 17 Ave E;CUST51;;;AB;999 231 1112;;;;;;;;;;E;;;;;00000;0;;;;;;;;;;;;;;;;;;;;;;;;;;;;;;;;;;;;;;;;;Foreign Customer 51 (CA);;;;Calgary;17 Ave E;CUST51;;;;0003
0017100100;Domestic US Customer Direct Debit;Company Domestic US Customer Direct Debit/92128-1096 San Diego;Domestic US Customer Direct Debit;Domestic US Customer Direct Debit;BPINST;20171005;0000023426;;;CUST;;;;;;0000000;;CA00000000;;;;;;;;;;;;;;;;;US;Domestic US Customer Direct Debit;;San Diego;92128-1096;17 Caminito Pasadero;CUSTDD;;;CA;858 555 6717;;;;;;;;;;E;;;;;00000;0;;;;;;;;;;;;;;;;;;;;;;;;;;;;;;;;;;;;;;;;;Domestic US Customer Direct Debit;;;;San Diego;Caminito Pasadero;CUSTDD;;;;0003
0017100006;Domestic Customer US 6 (Returns);Company Domestic Customer US 6 (Returns)/67202-3723 Wichita;Domestic Customer US 6 (Returns);Domestic Customer US 6 (Returns);BPINST;20171005;0000023464;;;CUST;;;;;;0000000;;KS00000000;;;;;;;;;;0017300006;;;;;;;US;Domestic Customer US 6 (Returns);;Wichita;67202-3723;100 S Main St;CUSTUS6;;;KS;999-123-5632;;;;;;;;;;E;;;;;00000;0;;;;;;;;;;;;;;;;;;;;;;;;;;;;;;;;;;;;;;;;;Domestic Customer US 6 (Returns);;;;Wichita;S Main St;CUSTUS6;;;;0003
0017300010;Domestic US Supplier 10;Company Domestic US Supplier 10/47305-2757 Muncie;Domestic US Supplier 10;Domestic US Supplier 10;BPINST;20181009;0000024417;;;CUST;;;;;;0000000;;IN00000000;;;;;;;;;;0017300010;;;;;;;US;Domestic US Supplier 10;;Muncie;47305-2757;198 S Ohio Ave;SUPL10;;;IN;999 856 4321;;;;;;;;;;E;;;;;00000;0;;;;;;;;;;;;;;;;;;;;;;;;;;;;;;;;;;;;;;;;;Domestic US Supplier 10;;;;Muncie;S Ohio Ave;SUPL10;;;;0003
USCU_L01;Skymart Corp;Company Skymart Corp/10007 New york;Skymart Corp;Skymart Corp;BPINST;20171008;0000023644;;;KUNA;;;;;;0000000;;NY00000000;;;;0;;;;;;;;;;;;;US;Skymart Corp;;New york;10007;;CBK01;;;NY;;;;;;;;;;;E;;;;;00000;0;;;;;;;;;;;;;;;;;;;;;;;;;;;;;;;;;;;;;;;;;Skymart Corp;;;;New york;;CBK01;;NEW YORK;;0003
USCU_L02;Toys4U;Company Toys4U/19801 Wilmington;Toys4U;Toys4U;BPINST;20171008;0000023645;;;KUNA;;;;;;0000000;;DE00000000;;;;0;;;;;;;;;;;;;US;Toys4U;;Wilmington;19801;;CBK02;;;DE;;;;;;;;;;;E;;;;;00000;0;;;;;;;;;;;;;;;;;;;;;;;;;;;;;;;;;;;;;;;;;Toys4U;;;;Wilmington;;CBK02;;NEW CASTLE;;0003
USCU_L03;Viadox;Company Viadox/21202 Baltimore;Viadox;Viadox;BPINST;20171008;0000023646;;;KUNA;;;;;;0000000;;MD00000000;;;;0;;;;;;;;;;;;;US;Viadox;;Baltimore;21202;;CBK03;;;MD;;;;;;;;;;;E;;;;;00000;0;;;;;;;;;;;;;;;;;;;;;;;;;;;;;;;;;;;;;;;;;Viadox;;;;Baltimore;;CBK03;;BALTIMORE (IND CITY);;0003
USCU_L04;Quotex;Company Quotex/27603 RALEIGH;Quotex;Quotex;BPINST;20171008;0000023647;;;KUNA;;;;;;0000000;;NC00000000;;;;0;;;;;;;;;;;;;US;Quotex;;RALEIGH;27603;;CBK10;;;NC;;;;;;;;;;;E;;;;;00000;0;;;;;;;;;;;;;;;;;;;;;;;;;;;;;;;;;;;;;;;;;Quotex;;;;RALEIGH;;CBK10;;DURHAM;;0003
USCU_L05;Bluestar Corp;Company Bluestar Corp/29401 CHARLESTON;Bluestar Corp;Bluestar Corp;BPINST;20171008;0000023648;;;KUNA;;;;;;0000000;;SC00000000;;;;0;;;;;;;;;;;;;US;Bluestar Corp;;CHARLESTON;29401;;CBK11;;;SC;;;;;;;;;;;E;;;;;00000;0;;;;;;;;;;;;;;;;;;;;;;;;;;;;;;;;;;;;;;;;;Bluestar Corp;;;;CHARLESTON;;CBK11;;BERKELEY;;0003
USCU_L06;Dexon;Company Dexon/37201 NASHVILLE;Dexon;Dexon;BPINST;20171008;0000023649;;;KUNA;;;;;;0000000;;TN00000000;;;;0;;;;;;;;;;;;;US;Dexon;;NASHVILLE;37201;;CBK12;;;TN;;;;;;;;;;;E;;;;;00000;0;;;;;;;;;;;;;;;;;;;;;;;;;;;;;;;;;;;;;;;;;Dexon;;;;NASHVILLE;;CBK12;;DAVIDSON;;0003
USCU_L07;Interlude Inc;Company Interlude Inc/33128 MIAMI;Interlude Inc;Interlude Inc;BPINST;20171008;0000023650;;;KUNA;;;;;;0000000;;FL00000000;;;;0;;;;;;;;;;;;;US;Interlude Inc;;MIAMI;33128;;CBK13;;;FL;;;;;;;;;;;E;;;;;00000;0;;;;;;;;;;;;;;;;;;;;;;;;;;;;;;;;;;;;;;;;;Interlude Inc;;;;MIAMI;;CBK13;;MIAMI-DADE;;0003
USCU_L08;Veracity;Company Veracity/30303 ATLANTA;Veracity;Veracity;BPINST;20171008;0000023651;;;KUNA;;;;;;0000000;;GA00000000;;;;0;;;;;;;;;;;;;US;Veracity;;ATLANTA;30303;;CBK14;;;GA;;;;;;;;;;;E;;;;;00000;0;;;;;;;;;;;;;;;;;;;;;;;;;;;;;;;;;;;;;;;;;Veracity;;;;ATLANTA;;CBK14;;FULTON;;0003
USCU_L09;Bigmart;Company Bigmart/48226 DETROIT;Bigmart;Bigmart;BPINST;20171008;0000023652;;;KUNA;;;;;;0000000;;MI00000000;;;;0;;;;;;;;;;;;;US;Bigmart;;DETROIT;48226;;CBK22;;;MI;;;;;;;;;;;E;;;;;00000;0;;;;;;;;;;;;;;;;;;;;;;;;;;;;;;;;;;;;;;;;;Bigmart;;;;DETROIT;;CBK22;;WAYNE;;0003
USCU_L10;CostClub;Company CostClub/44114 PUBLIC SQUARE;CostClub;CostClub;BPINST;20171008;0000023653;;;KUNA;;;;;;0000000;;OH00000000;;;;0;;;;;;;;;;;;;US;CostClub;;PUBLIC SQUARE;44114;;CBK23;;;OH;;;;;;;;;;;E;;;;;00000;0;;;;;;;;;;;;;;;;;;;;;;;;;;;;;;;;;;;;;;;;;CostClub;;;;PUBLIC SQUARE;;CBK23;;CUYAHOGA;;0003
USCU_S01;Performance Bikes;Company Performance Bikes/15219 Pittsburgh;Performance Bikes;Performance Bikes;BPINST;20171008;0000023654;;;KUNA;;;;;;0000000;;PA00000000;;;;0;;;;;;;;;;;;;US;Performance Bikes;;Pittsburgh;15219;;CBK04;;;PA;;;;;;;;;;;E;;;;;00000;0;;;;;;;;;;;;;;;;;;;;;;;;;;;;;;;;;;;;;;;;;Performance Bikes;;;;Pittsburgh;;CBK04;;ALLEGHENY;;0003
USCU_S02;Custom Sports;Company Custom Sports/02109 Boston;Custom Sports;Custom Sports;BPINST;20171008;0000023655;;;KUNA;;;;;;0000000;;MA00000000;;;;0;;;;;;;;;;;;;US;Custom Sports;;Boston;02109;;CBK05;;;MA;;;;;;;;;;;E;;;;;00000;0;;;;;;;;;;;;;;;;;;;;;;;;;;;;;;;;;;;;;;;;;Custom Sports;;;;Boston;;CBK05;;SUFFOLK;;0003
USCU_S03;Eastside Bikes;Company Eastside Bikes/15601 Greensburg;Eastside Bikes;Eastside Bikes;BPINST;20171008;0000023656;;;KUNA;;;;;;0000000;;PA00000000;;;;0;;;;;;;;;;;;;US;Eastside Bikes;;Greensburg;15601;;CBK06;;;PA;;;;;;;;;;;E;;;;;00000;0;;;;;;;;;;;;;;;;;;;;;;;;;;;;;;;;;;;;;;;;;Eastside Bikes;;;;Greensburg;;CBK06;;WESTMORELAND;;0003
0017186007;US TM Customer7; US TM Customer7/94103 San Francisco;US TM Customer7;US TM Customer7;S4H_TM_TP;20180123;0000024089;;;CUST;;;;;;0000000;;CA00000000;;;;;;;;;;;;;;;;;US;US TM Customer7;;San Francisco;94103;7531 Market Street;CUSTUSTM7;;;CA;415-588-3434;;;;;;;;;;E;;;;;00000;0;;;;;;;;;;;;;;;;;;;;;;;;;;;;;;;;;;;;;;;;;US TM Customer7;;;;San Francisco;Market Street;CUSTUSTM7;;San Francisco;;
USCU_S05;Greater Hartford Area;Company Greater Hartford Area/06103 HARTFORD;Greater Hartford Area;Greater Hartford Area;BPINST;20171008;0000023658;;;KUNA;;;;;;0000000;;CT00000000;;;;0;;;;;;;;;;;;;US;Greater Hartford Area;;HARTFORD;06103;;CBK08;;;CT;;;;;;;;;;;E;;;;;00000;0;;;;;;;;;;;;;;;;;;;;;;;;;;;;;;;;;;;;;;;;;Greater Hartford Area;;;;HARTFORD;;CBK08;;HARTFORD;;0003
USCU_S08;Velocity Cycles;Company Velocity Cycles/29401 CHARLESTON;Velocity Cycles;Velocity Cycles;BPINST;20171008;0000023661;;;KUNA;;;;;;0000000;;SC00000000;;;;0;;;;;;;;;;;;;US;Velocity Cycles;;CHARLESTON;29401;;CBK16;;;SC;;;;;;;;;;;E;;;;;00000;0;;;;;;;;;;;;;;;;;;;;;;;;;;;;;;;;;;;;;;;;;Velocity Cycles;;;;CHARLESTON;;CBK16;;BERKELEY;;0003
USCU_S07;Westend Cycles;Company Westend Cycles/27603 RALEIGH;Westend Cycles;Westend Cycles;BPINST;20171008;0000023660;;;KUNA;;;;;;0000000;;NC00000000;;;;0;;;;;;;;;;;;;US;Westend Cycles;;RALEIGH;27603;;CBK15;;;NC;;;;;;;;;;;E;;;;;00000;0;;;;;;;;;;;;;;;;;;;;;;;;;;;;;;;;;;;;;;;;;Westend Cycles;;;;RALEIGH;;CBK15;;DURHAM;;0003
USCU_S06;Hub & Spokes Inc;Company Hub & Spokes Inc/10017 MANHATTAN;Hub & Spokes Inc;Hub & Spokes Inc;BPINST;20171008;0000023659;;;KUNA;;;;;;0000000;;NY00000000;;;;0;;;;;;;;;;;;;US;Hub & Spokes Inc;;MANHATTAN;10017;;CBK09;;;NY;;;;;;;;;;;E;;;;;00000;0;;;;;;;;;;;;;;;;;;;;;;;;;;;;;;;;;;;;;;;;;Hub & Spokes Inc;;;;MANHATTAN;;CBK09;;NEW YORK;;0003
USCU_S09;Greenhigh Bikes;Company Greenhigh Bikes/37201 NASHVILLE;Greenhigh Bikes;Greenhigh Bikes;BPINST;20171008;0000023662;;;KUNA;;;;;;0000000;;TN00000000;;;;0;;;;;;;;;;;;;US;Greenhigh Bikes;;NASHVILLE;37201;;CBK17;;;TN;;;;;;;;;;;E;;;;;00000;0;;;;;;;;;;;;;;;;;;;;;;;;;;;;;;;;;;;;;;;;;Greenhigh Bikes;;;;NASHVILLE;;CBK17;;DAVIDSON;;0003
USCU_S10;Turbo Bikes;Company Turbo Bikes/33128 MIAMI;Turbo Bikes;Turbo Bikes;BPINST;20171008;0000023663;;;KUNA;;;;;;0000000;;FL00000000;;;;0;;;;;;;;;;;;;US;Turbo Bikes;;MIAMI;33128;;CBK18;;;FL;;;;;;;;;;;E;;;;;00000;0;;;;;;;;;;;;;;;;;;;;;;;;;;;;;;;;;;;;;;;;;Turbo Bikes;;;;MIAMI;;CBK18;;MIAMI-DADE;;0003
USCU_S11;Bike World;Company Bike World/30303 ATLANTA;Bike World;Bike World;BPINST;20171008;0000023664;;;KUNA;;;;;;0000000;;GA00000000;;;;0;;;;;;;;;;;;;US;Bike World;;ATLANTA;30303;;CBK19;;;GA;;;;;;;;;;;E;;;;;00000;0;;;;;;;;;;;;;;;;;;;;;;;;;;;;;;;;;;;;;;;;;Bike World;;;;ATLANTA;;CBK19;;FULTON;;0003
USCU_S12;Century Cycles;Company Century Cycles/23218 RICHMOND;Century Cycles;Century Cycles;BPINST;20171008;0000023665;;;KUNA;;;;;;0000000;;VA00000000;;;;0;;;;;;;;;;;;;US;Century Cycles;;RICHMOND;23218;;CBK20;;;VA;;;;;;;;;;;E;;;;;00000;0;;;;;;;;;;;;;;;;;;;;;;;;;;;;;;;;;;;;;;;;;Century Cycles;;;;RICHMOND;;CBK20;;CHESTERFIELD;;0003
USCU_S13;Rolling Bike Shop;Company Rolling Bike Shop/36104 MONTGOMERY;Rolling Bike Shop;Rolling Bike Shop;BPINST;20171008;0000023666;;;KUNA;;;;;;0000000;;AL00000000;;;;0;;;;;;;;;;;;;US;Rolling Bike Shop;;MONTGOMERY;36104;;CBK21;;;AL;;;;;;;;;;;E;;;;;00000;0;;;;;;;;;;;;;;;;;;;;;;;;;;;;;;;;;;;;;;;;;Rolling Bike Shop;;;;MONTGOMERY;;CBK21;;MONTGOMERY;;0003
USCU_S14;Cityscape Cycles;Company Cityscape Cycles/60602 CHICAGO;Cityscape Cycles;Cityscape Cycles;BPINST;20171008;0000023667;;;KUNA;;;;;;0000000;;IL00000000;;;;0;;;;;;;;;;;;;US;Cityscape Cycles;;CHICAGO;60602;;CBK24;;;IL;;;;;;;;;;;E;;;;;00000;0;;;;;;;;;;;;;;;;;;;;;;;;;;;;;;;;;;;;;;;;;Cityscape Cycles;;;;CHICAGO;;CBK24;;COOK;;0003
USCU_S15;Northside Bikes;Company Northside Bikes/50306 DES MOINES;Northside Bikes;Northside Bikes;BPINST;20171008;0000023668;;;KUNA;;;;;;0000000;;IA00000000;;;;0;;;;;;;;;;;;;US;Northside Bikes;;DES MOINES;50306;;CBK25;;;IA;;;;;;;;;;;E;;;;;00000;0;;;;;;;;;;;;;;;;;;;;;;;;;;;;;;;;;;;;;;;;;Northside Bikes;;;;DES MOINES;;CBK25;;POLK;;0003
USCU_S16;Gogo Bikes;Company Gogo Bikes/53202 Milwaukee;Gogo Bikes;Gogo Bikes;BPINST;20171008;0000023669;;;KUNA;;;;;;0000000;;WI00000000;;;;0;;;;;;;;;;;;;US;Gogo Bikes;;Milwaukee;53202;;CBK26;;;WI;;;;;;;;;;;E;;;;;00000;0;;;;;;;;;;;;;;;;;;;;;;;;;;;;;;;;;;;;;;;;;Gogo Bikes;;;;Milwaukee;;CBK26;;MILWAUKEE;;0003
USCU_S17;Bikepros;Company Bikepros/55432 Minneapolis;Bikepros;Bikepros;BPINST;20171008;0000023670;;;KUNA;;;;;;0000000;;MN00000000;;;;0;;;;;;;;;;;;;US;Bikepros;;Minneapolis;55432;;CBK27;;;MN;;;;;;;;;;;E;;;;;00000;0;;;;;;;;;;;;;;;;;;;;;;;;;;;;;;;;;;;;;;;;;Bikepros;;;;Minneapolis;;CBK27;;ANOKA;;0003
0017186001;US TM Customer1; US TM Customer1/95020 Sacramento;US TM Customer1;US TM Customer1;S4H_TM_TP;20180122;0000024066;;;CUST;;;;;;0000000;;CA00000000;;;;0;;;;;;;;;;;;;US;US TM Customer1;;Sacramento;95020;890 5th Street;CUSTUSTM1;;;CA;408-876-2143;;;;;;;;;;E;;;;;00000;0;;;;;;;;;;;;;;;;;;;;;;;;;;;;;;;;;;;;;;;;;US TM Customer1;;;;Sacramento;5th Street;CUSTUSTM1;;;;
0017186002;US TM Customer2; US TM Customer2/76017 Arlington;US TM Customer2;US TM Customer2;S4H_TM_TP;20180122;0000024069;;;CUST;;;;;;0000000;;TX00000000;;;;0;;;;;;;;;;;;;US;US TM Customer2;;Arlington;76017;1135 W Arkansas Lane;CUSTUSTM2;;;TX;415-361-5356;;;;;;;;;;E;;;;;00000;0;;;;;;;;;;;;;;;;;;;;;;;;;;;;;;;;;;;;;;;;;US TM Customer2;;;;Arlington;W Arkansas Lane;CUSTUSTM2;;Tarrant;;
0017186008;US TM Customer8; US TM Customer8/95837 Sacramento;US TM Customer8;US TM Customer8;S4H_TM_TP;20180123;0000024092;;;CUST;;;;;;0000000;;CA00000000;;;;0;;;;;;;;;;;;;US;US TM Customer8;;Sacramento;95837;8900 Airport Boulevard;CUSTUSTM8;;;CA;;;;;;;;;;;E;;;;;00000;0;;;;;;;;;;;;;;;;;;;;;;;;;;;;;;;;;;;;;;;;;US TM Customer8;;;;Sacramento;Airport Boulevard;CUSTUSTM8;;Sacramento;;
0017186009;US TM Customer9; US TM Customer9/95206 Stockton;US TM Customer9;US TM Customer9;S4H_TM_TP;20180123;0000024101;;;CUST;;;;;;0000000;;CA00000000;;;;;;;;;;;;;;;;;US;US TM Customer9;;Stockton;95206;9801 Park Avenue;CUSTUSTM9;;;CA;209-989-2131;;;;;;;;;;E;;;;;00000;0;;;;;;;;;;;;;;;;;;;;;;;;;;;;;;;;;;;;;;;;;US TM Customer9;;;;Stockton;Park Avenue;CUSTUSTM9;;San Joaquin;;
0017186010;US TM Customer10; US TM Customer10/90015 Los Angeles;US TM Customer10;US TM Customer10;S4H_TM_TP;20180123;0000024103;;;CUST;;;;;;0000000;;CA00000000;;;;0;;;;;;;;;;;;;US;US TM Customer10;;Los Angeles;90015;111 Rossi Road;CUSTUSTM10;;;CA;310-828-5582;;;;;;;;;;E;;;;;00000;0;;;;;;;;;;;;;;;;;;;;;;;;;;;;;;;;;;;;;;;;;US TM Customer10;;;;Los Angeles;Rossi Road;CUSTUSTM10;;Los Angeles;;
0017186011;US TM Customer11; US TM Customer11/90813 Long Beach;US TM Customer11;US TM Customer11;S4H_TM_TP;20180123;0000024105;;;CUST;;;;;;0000000;;CA00000000;;;;0;;;;;;;;;;;;;US;US TM Customer11;;Long Beach;90813;8989 Market Street;CUSTUSTM11;;;CA;562-591-5585;;;;;;;;;;E;;;;;00000;0;;;;;;;;;;;;;;;;;;;;;;;;;;;;;;;;;;;;;;;;;US TM Customer11;;;;Long Beach;Market Street;CUSTUSTM11;;Los Angeles;;
0017186012;US TM Customer12; US TM Customer12/92101 San Diego;US TM Customer12;US TM Customer12;S4H_TM_TP;20180123;0000024107;;;CUST;;;;;;0000000;;CA00000000;;;;;;;;;;;;;;;;;US;US TM Customer12;;San Diego;92101;2222 Airport Boulevard;CUSTUSTM12;;;CA;619-282-7500;;;;;;;;;;E;;;;;00000;0;;;;;;;;;;;;;;;;;;;;;;;;;;;;;;;;;;;;;;;;;US TM Customer12;;;;San Diego;Airport Boulevard;CUSTUSTM12;;San Diego;;
0001000119;Energy Bar Future Company; Energy Bar Future Company/;Energy Bar Future Company;Energy Bar Future Company;SAP_WFRT;20200512;0000025347;;;CUST;;;;;;0000000;;;;;;;;;;;;;;;;;;;DE;Energy Bar Future Company;;;;;EBFC;;;;;;;;;;;;;;D;;;;;00000;0;;;;;;;;;;;;;;;;;;;;;;;;;;;;;;;;;;;;;;;;;Energy Bar Future Company;;;;;;EBFC;;;;
0010100080;Inlandskunde DE 80;Company Inlandskunde DE 80/74214 Schöntal;Inlandskunde DE 80;Inlandskunde DE 80;BPINST;20201016;0000025446;;DE192455022;CUST;;;;;;0000000;;;;;;;;;;;;;;;;;;;DE;Inlandskunde DE 80;;Schöntal;74214;Lindenstraße 2;KUNDE80;;;BW;09990 4513-0;;;;;;;;;;D;;;;;00000;0;;;;;;;;;;;;;;;;;;;;;;;;;;;;;;;;;;;;;;;;;Inlandskunde DE 80;;;;Schöntal;Lindenstraße;KUNDE80;;;;0003
0010100081;Inlandskunde DE 81;Company Inlandskunde DE 81/74214 Schöntal;Inlandskunde DE 81;Inlandskunde DE 81;BPINST;20201016;0000025447;;DE192455022;CUST;;;;;;0000000;;;;;;;;;;;;;;;;;;;DE;Inlandskunde DE 81;;Schöntal;74214;Lindenstraße 2;KUNDE81;;;BW;09990 4513-0;;;;;;;;;;D;;;;;00000;0;;;;;;;;;;;;;;;;;;;;;;;;;;;;;;;;;;;;;;;;;Inlandskunde DE 81;;;;Schöntal;Lindenstraße;KUNDE81;;;;0003
BP1710;Plant 1;Company Plant 1/94304 Palo Alto;Plant 1;Plant 1;BPINST;20171005;0000023522;;;CUST;;;;;;0000000;;;;;;;;;;;;;;;;;;;US;Plant 1;;Palo Alto;94304;3475 Deer Creek;EWM;;;CA;999 555 6727;;;;;;;;;;D;;;;;00000;0;;;;;;;;;;;;;;;;;;;;;;;;;;;;;;;;;;;;;;;;;Plant 1;;;;Palo Alto;Deer Creek;EWM;;;;0003
0017258001;JV Operator US;Company JV Operator US/95338 Mariposa;JV Operator US;JV Operator US;BPINST;20201017;0000025451;;;CUST;;;;;;0000000;;;;;;US12345678;;;;;;0017258001;;;;;;;US;JV Operator US;;Mariposa;95338;5181 CA-49;OPERATOR;;;CA;9999 3288-0;;;;;;;;;;E;;;;;00000;0;;;;;;;;;;;;;;;;;;;;;;;;;;;;;;;;;;;;;;;;;JV Operator US;;;;Mariposa;CA-49;OPERATOR;;;;0003
0017258002;Domestic US JV Partner 1;Company Domestic US JV Partner 1/76801 Brownwood;Domestic US JV Partner 1;Domestic US JV Partner 1;BPINST;20201017;0000025452;;;CUST;;;;;;0000000;;;;;;US12345678;;;;;;0017258002;;;;;;;US;Domestic US JV Partner 1;;Brownwood;76801;320 Riverside Park Dr.;JV PARTNER;;;TX;9999 3288-0;;;;;;;;;;E;;;;;00000;0;;;;;;;;;;;;;;;;;;;;;;;;;;;;;;;;;;;;;;;;;Domestic US JV Partner 1;;;;Brownwood;Riverside Park Dr.;JV PARTNER 1;;;;0003
0017258003;Domestic US JV Partner 2;Company Domestic US JV Partner 2/86004 Flagstaff;Domestic US JV Partner 2;Domestic US JV Partner 2;BPINST;20201017;0000025453;;;CUST;;;;;;0000000;;;;;;US12345678;;;;;;0017258003;;;;;;;US;Domestic US JV Partner 2;;Flagstaff;86004;2515E Butler Ave;JV PARTNER;;;AZ;9999 3288-0;;;;;;;;;;E;;;;;00000;0;;;;;;;;;;;;;;;;;;;;;;;;;;;;;;;;;;;;;;;;;Domestic US JV Partner 2;;;;Flagstaff;Butler Ave;JV PARTNER 2;;;;0003
0017100080;Domestic US Customer 80;Company Domestic US Customer 80/30315-1402 Atlanta;Domestic US Customer 80;Domestic US Customer 80;BPINST;20201017;0000025459;;;CUST;;;;;;0000000;;GA00000000;;;;;;;;;;;;;;;;;US;Domestic US Customer 80;;Atlanta;30315-1402;200 Augusta Ave SE;CUST80;;;GA;999 555 6721;;;;;;;;;;E;;;;;00000;0;;;;;;;;;;;;;;;;;;;;;;;;;;;;;;;;;;;;;;;;;Domestic US Customer 80;;;;Atlanta;Augusta Ave SE;CUST80;;;;0003
0017100081;Domestic US Customer 81;Company Domestic US Customer 81/30315-1402 Atlanta;Domestic US Customer 81;Domestic US Customer 81;BPINST;20201017;0000025460;;;CUST;;;;;;0000000;;GA00000000;;;;;;;;;;;;;;;;;US;Domestic US Customer 81;;Atlanta;30315-1402;200 Augusta Ave SE;CUST81;;;GA;999 555 6721;;;;;;;;;;E;;;;;00000;0;;;;;;;;;;;;;;;;;;;;;;;;;;;;;;;;;;;;;;;;;Domestic US Customer 81;;;;Atlanta;Augusta Ave SE;CUST81;;;;0003
MDG_CU02;ABC Company 02; ABC Company 02/ New Delphi;ABC Company 02;ABC Company 02;SAP_WFRT;20190221;0000024769;;;DEBI;;;;;;0000000;;;;;;;;;;;;MDG_CU02;;;;;;;US;ABC Company 02;;New Delphi;;;MDG;;;;;;;;;;;;;;E;;;;;00000;0;;;;;;;;;;;;;;;;;;;;;;;;;;;;;;;;;;;;;;;;;ABC Company 02;;;;New Delphi;;MDG;;;;
0001000140;Wind Power Plant;Company Wind Power Plant/85774 Unterföhring;Wind Power Plant;Wind Power Plant;BPINST;20201028;0000025492;;;CUST;;;;;;0000000;;;;;;;;;;;;;;;;;;;DE;Wind Power Plant;;Unterföhring;85774;Johanneskirchner Straße 18;FSM;;;09;;;;;;;;;;;E;;;;;00000;0;;;;;;;;;;;;;;;;;;;;;;;;;;;;;;;;;;;;;;;;;Wind Power Plant;;;;Unterföhring;Johanneskirchner Straße;FSM;;;;0003
0001000143;Power Plant;Company Power Plant/85774 Unterföhring;Power Plant;Power Plant;BPINST;20201028;0000025505;;;CUST;;;;;;0000000;;;;;;;;;;;;;;;;;;;DE;Power Plant;;Unterföhring;85774;Johanneskirchner Straße 18;FSM;;;09;;;;;;;;;;;E;;;;;00000;0;;;;;;;;;;;;;;;;;;;;;;;;;;;;;;;;;;;;;;;;;Power Plant;;;;Unterföhring;Johanneskirchner Straße;FSM;;;;0003
0017300001;Domestic US Supplier 1; Domestic US Supplier 1/47305-2757 Muncie;Domestic US Supplier 1;Domestic US Supplier 1;S4H_FIN;20191015;0000025068;;;CUST;;;;;;0000000;;IN00000000;;;;;;;;;;0017300001;;;;;;;US;Domestic US Supplier 1;;Muncie;47305-2757;198 S Ohio Ave;SUPL1;;;IN;999 856 4321;;;;;;01;;;;E;;;;;00000;0;;;;;;;;;;;;;;;;;;;;;;;;;;;;;;;;;;;;;;;;;Domestic US Supplier 1;;;;Muncie;S Ohio Ave;SUPL1;;;;
0017100050;Foreign Customer 50 (DE);Company Foreign Customer 50 (DE)/97218 Gerbrunn;Foreign Customer 50 (DE);Foreign Customer 50 (DE);BPINST;20171005;0000023476;;;CUST;;;;;;0000000;;;;;;;;;;;;;;;;;;;DE;Foreign Customer 50 (DE);;Gerbrunn;97218;Hauptstraße 1;CUST50;;;BY;09990  52632-0;;;;;;;;;;D;;;;;00000;0;;;;;;;;;;;;;;;;;;;;;;;;;;;;;;;;;;;;;;;;;Foreign Customer 50 (DE);;;;Gerbrunn;Hauptstraße;CUST50;;;;0003
0017100007;Domestic US Subcontractor A;Company Domestic US Subcontractor A/24060-7206 Blacksburg;Domestic US Subcontractor A;Domestic US Subcontractor A;BPINST;20171005;0000023500;;;CUST;;;;;;0000000;;VA00000000;;;;;;;;;;0017300007;;;;;;;US;Domestic US Subcontractor A;;Blacksburg;24060-7206;200 GILES RD;CUST-SUBCO;;;VA;999 326 5303;;;;;;;;;;E;;;;;00000;0;;;;;;;;;;;;;;;;;;;;;;;;;;;;;;;;;;;;;;;;;Domestic US Subcontractor A;;;;Blacksburg;GILES RD;CUST-SUBCON;;;;0003
0017100008;Domestic US Customer 8;Company Domestic US Customer 8/68847-5457 Kearney;Domestic US Customer 8;Domestic US Customer 8;BPINST;20171005;0000023466;;;CUST;;;;;;0000000;;NE00000000;;;;;;;;;;;;;;;;;US;Domestic US Customer 8;;Kearney;68847-5457;18 East 24th St;CUSTUS8;;;NE;999-123-5638;;;;;;;;;;E;;;;;00000;0;;;;;;;;;;;;;;;;;;;;;;;;;;;;;;;;;;;;;;;;;Domestic US Customer 8;;;;Kearney;East 24th St;CUSTUS8;;;;0003
EWM17-CU01;EWM Domestic Customer 01;Company EWM Domestic Customer 01/30344 Atlanta;EWM Domestic Customer 01;EWM Domestic Customer 01;BPINST;20171005;0000023516;;;CUST;;;;;;0000000;;GA00000000;;;;;;;;;;;;;;;;;US;EWM Domestic Customer 01;;Atlanta;30344;500 Main Street;EWM;;;GA;999 555 1007;;;;;;;;;;E;;;;;00000;0;;;;;;;;;;;;;;;;;;;;;;;;;;;;;;;;;;;;;;;;;EWM Domestic Customer 01;;;;Atlanta;Main Street;EWM;;;;0003
EWM17-CU02;EWM Domestic Customer 02;Company EWM Domestic Customer 02/30344 Atlanta;EWM Domestic Customer 02;EWM Domestic Customer 02;BPINST;20171005;0000023518;;;CUST;;;;;;0000000;;GA00000000;;;;;;;;;;;;;;;;;US;EWM Domestic Customer 02;;Atlanta;30344;100 Piedmont Avenue Southeast;EWM;;;GA;999 555 1008;;;;;;;;;;E;;;;;00000;0;;;;;;;;;;;;;;;;;;;;;;;;;;;;;;;;;;;;;;;;;EWM Domestic Customer 02;;;;Atlanta;Piedmont Avenue Southeast;EWM;;;;0003
0010154802;JIT Company;Company JIT Company/85399 Hallbergmoos;JIT Company;JIT Company;BPINST;20211019;0000025915;;DE204797707;CUST;;;;;;0000000;;;;;;;;;;;;;;;;;;;DE;JIT Company;;Hallbergmoos;85399;Zeppelinstraße 2;JIT;;;BY;06227747474;;;;;;;;;;D;;;;;00000;0;;;X;;;;;;;;;;;;;;;;;;;;;;;;;;;;;;;;;;;;;;JIT Company;;;;Hallbergmoos;Zeppelinstraße;JIT;;;;0003
EWM17-CU03;EWM Domestic Customer 03;Company EWM Domestic Customer 03/94304 Palo Alto;EWM Domestic Customer 03;EWM Domestic Customer 03;BPINST;20171005;0000023520;;;CUST;;;;;;0000000;;CA00000000;;;;;;;;;;;;;;;;;US;EWM Domestic Customer 03;;Palo Alto;94304;800 Sand Hill Road;EWM;;;CA;999 585 1234;;;;;;;;;;E;;;;;00000;0;;;;;;;;;;;;;;;;;;;;;;;;;;;;;;;;;;;;;;;;;EWM Domestic Customer 03;;;;Palo Alto;Sand Hill Road;EWM;;;;0003
0010100010;Inlandskunde DE 10;Company Inlandskunde DE 10/74214 Schöntal;Inlandskunde DE 10;Inlandskunde DE 10;BPINST;20181031;0000024534;;DE192454022;CUST;;;;;;0000000;;;;;;;;;;;;;;;;;;;DE;Inlandskunde DE 10;;Schöntal;74214;Lindenstraße 10;KUNDE10;;;BW;09990 45110-0;;;;;;;;;;D;;;;;00000;0;;;;;;;;;;;;;;;;;;;;;;;;;;;;;;;;;;;;;;;;;Inlandskunde DE 10;;;;Schöntal;Lindenstraße;KUNDE10;;;;0003
EWM10-CU01;EWM-Kunde 01 (Inland);Company EWM-Kunde 01 (Inland)/04249 Leipzig;EWM-Kunde 01 (Inland);EWM-Kunde 01 (Inland);BPINST;20171018;0000023828;;;CUST;;;;;;0000000;;;;;;;;;;;;;;;;;;;DE;EWM-Kunde 01 (Inland);;Leipzig;04249;Knautnaundorfer Straße 204;EWM;;;SN;09990 4513-0;;;;;;;;;;D;;;;;00000;0;;;;;;;;;;;;;;;;;;;;;;;;;;;;;;;;;;;;;;;;;EWM-Kunde 01 (Inland);;;;Leipzig;Knautnaundorfer Straße;EWM;;;;0003
EWM10-CU02;EWM-Kunde 02 (Inland);Company EWM-Kunde 02 (Inland)/22525 Hamburg;EWM-Kunde 02 (Inland);EWM-Kunde 02 (Inland);BPINST;20171018;0000023830;;;CUST;;;;;;0000000;;;;;;;;;;;;;;;;;;;DE;EWM-Kunde 02 (Inland);;Hamburg;22525;Rondenburg 12;EWM;;;HH;09990 9821-0;;;;;;;;;;D;;;;;00000;0;;;;;;;;;;;;;;;;;;;;;;;;;;;;;;;;;;;;;;;;;EWM-Kunde 02 (Inland);;;;Hamburg;Rondenburg;EWM;;;;0003
EWM10-CU03;EWM-Kunde 03 (Inland);Company EWM-Kunde 03 (Inland)/81514 München;EWM-Kunde 03 (Inland);EWM-Kunde 03 (Inland);BPINST;20171018;0000023832;;;CUST;;;;;;0000000;;;;;;;;;;;;;;;;;;;DE;EWM-Kunde 03 (Inland);;München;81514;Balaustraße 75;EWM;;;BY;09990 2542-0;;;;;;;;;;D;;;;;00000;0;;;;;;;;;;;;;;;;;;;;;;;;;;;;;;;;;;;;;;;;;EWM-Kunde 03 (Inland);;;;München;Balaustraße;EWM;;;;0003
BP1010;WERK 1;Company WERK 1/69190 Walldorf;WERK 1;WERK 1;BPINST;20171018;0000023836;;;CUST;;;;;;0000000;;;;;;;;;;;;;;;;;;;DE;WERK 1;;Walldorf;69190;Neurottstr. 16;EWM;;;BW;09990 3689-0;;;;;;;;;;D;;;;;00000;0;;;;;;;;;;;;;;;;;;;;;;;;;;;;;;;;;;;;;;;;;WERK 1;;;;Walldorf;Neurottstr.;EWM;;;;0003
0001000150;Pepsico;Company Pepsico/10577-1444 Purchase;Pepsico;Pepsico;MDG_EXPERT;20201106;0000025569;;;CUST;;;;;;0000000;;;;;;;;;;;;;;;;;;;US;Pepsico;;Purchase;10577-1444;700 Anderson Hill Rd;;;;NY;;;;;;;;;;;E;;;;;00000;0;;;;;;;;;;;;;;;;;;;;;;;;;;;;;;;;;;;;;;;;;Pepsico;;;;Purchase;700 Anderson Hill Rd;;;;;0003
0003000040;Test BP for Credit Rating;Company Test BP for Credit Rating/08001 New york;Test BP for Credit Rating;Test BP for Credit Rating;SAP_WFRT;20201106;0000025571;;;DEBI;;;;;;0000000;;;;;;;;;;;;;;;;;;;US;Test BP for Credit Rating;;New york;08001;2E New;TE;;;NY;;;;;;;;;;;E;;;;;00000;0;;;;;;;;;;;;;;;;;;;;;;;;;;;;;;;;;;;;;;;;;Test BP for Credit Rating;;;;New york;New;TE;;New York;;0003
0001000161;Sun Bank;Company Sun Bank/08753-8320;Sun Bank;Sun Bank;MDG_EXPERT;20201110;0000025600;;;CUST;;;;;;0000000;;;;;;;;;;;;;;;;;;;US;Sun Bank;;;08753-8320;975 Hooper;MASS ENRIC;;;;;;;;;;;;;;E;;;;;00000;0;;;;;;;;;;;;;;;;;;;;;;;;;;;;;;;;;;;;;;;;;Sun Bank;;;;;975 Hooper;MASS ENRICH;;;;0003
0001000151;Amazon Co Ltd;Company Amazon Co Ltd/85705-3717 Tucson;Amazon Co Ltd;Amazon Co Ltd;MDG_EXPERT;20201110;0000025580;;;CUST;;;;;;0000000;;;;;;;;;;;;;;;;;;;US;Amazon Co Ltd;;Tucson;85705-3717;1135 W Miracle Mile;MASS ENRIC;;;;;;;;;;;;;;E;;;;;00000;0;;;;;;;;;;;;;;;;;;;;;;;;;;;;;;;;;;;;;;;;;Amazon Co Ltd;;;;Tucson;1135 W Miracle Mile;MASS ENRICH;;;;0003
0001000152;Facebook, Inc.;Company Facebook, Inc./94025-1456 Menlo Park;Facebook, Inc.;Facebook, Inc.;MDG_EXPERT;20201110;0000025582;;;CUST;;;;;;0000000;;;;;;;;;;;;;;;;;;;US;Facebook, Inc.;;Menlo Park;94025-1456;1 Hacker Way Bldg 10;MASS ENRIC;;;;;;;;;;;;;;E;;;;;00000;0;;;;;;;;;;;;;;;;;;;;;;;;;;;;;;;;;;;;;;;;;Facebook, Inc.;;;;Menlo Park;1 Hacker Way Bldg 10;MASS ENRICH;;;;0003
0001000153;Google Inc;Company Google Inc/95054-2729 Santa Clara;Google Inc;Google Inc;MDG_EXPERT;20201110;0000025584;;;CUST;;;;;;0000000;;;;;;;;;;;;;;;;;;;US;Google Inc;;Santa Clara;95054-2729;2055 Laurelwood Rd Ste 13;MASS ENRIC;;;;;;;;;;;;;;E;;;;;00000;0;;;;;;;;;;;;;;;;;;;;;;;;;;;;;;;;;;;;;;;;;Google Inc;;;;Santa Clara;2055 Laurelwood Rd Ste 13;MASS ENRICH;;;;0003
0001000154;Pfizer Inc.;Company Pfizer Inc./10017-5703 New York;Pfizer Inc.;Pfizer Inc.;MDG_EXPERT;20201110;0000025586;;;CUST;;;;;;0000000;;;;;;;;;;;;;;;;;;;US;Pfizer Inc.;;New York;10017-5703;235 E 42ND St Rm 107;MASS ENRIC;;;;;;;;;;;;;;E;;;;;00000;0;;;;;;;;;;;;;;;;;;;;;;;;;;;;;;;;;;;;;;;;;Pfizer Inc.;;;;New York;235 E 42ND St Rm 107;MASS ENRICH;;;;0003
0001000155;Sap LLC;Company Sap LLC/20879-4634 Gaithersburg;Sap LLC;Sap LLC;MDG_EXPERT;20201110;0000025588;;;CUST;;;;;;0000000;;;;;;;;;;;;;;;;;;;US;Sap LLC;;Gaithersburg;20879-4634;8313 Tea Rose Dr;MASS ENRIC;;;;;;;;;;;;;;E;;;;;00000;0;;;;;;;;;;;;;;;;;;;;;;;;;;;;;;;;;;;;;;;;;Sap LLC;;;;Gaithersburg;8313 Tea Rose Dr;MASS ENRICH;;;;0003
0001000156;Reids;Company Reids/06112-2305 Hartford;Reids;Reids;MDG_EXPERT;20201110;0000025590;;;CUST;;;;;;0000000;;;;;;;;;;;;;;;;;;;US;Reids;;Hartford;06112-2305;681 Albany Ave;MASS ENRIC;;;;;;;;;;;;;;E;;;;;00000;0;;;;;;;;;;;;;;;;;;;;;;;;;;;;;;;;;;;;;;;;;Reids;;;;Hartford;681 Albany Ave;MASS ENRICH;;;;0003
0001000157;L L Association;Company L L Association/74426-6308 Checotah;L L Association;L L Association;MDG_EXPERT;20201110;0000025592;;;CUST;;;;;;0000000;;;;;;;;;;;;;;;;;;;US;L L Association;;Checotah;74426-6308;417518 Bettys Ln;MASS ENRIC;;;;;;;;;;;;;;E;;;;;00000;0;;;;;;;;;;;;;;;;;;;;;;;;;;;;;;;;;;;;;;;;;L L Association;;;;Checotah;417518 Bettys Ln;MASS ENRICH;;;;0003
0001000158;KFC Corporation (de);Company KFC Corporation (de)/40213-1970 Louisville;KFC Corporation (de);KFC Corporation (de);MDG_EXPERT;20201110;0000025594;;;CUST;;;;;;0000000;;;;;;;;;;;;;;;;;;;US;KFC Corporation (de);;Louisville;40213-1970;1900 Colonel Sanders Ln;MASS ENRIC;;;;;;;;;;;;;;E;;;;;00000;0;;;;;;;;;;;;;;;;;;;;;;;;;;;;;;;;;;;;;;;;;KFC Corporation (de);;;;Louisville;1900 Colonel Sanders Ln;MASS ENRICH;;;;0003
0001000159;Queen;Company Queen/94610-2737 Oakland;Queen;Queen;MDG_EXPERT;20201110;0000025596;;;CUST;;;;;;0000000;;;;;;;;;;;;;;;;;;;US;Queen;;Oakland;94610-2737;3338 Grand Ave;MASS ENRIC;;;;;;;;;;;;;;E;;;;;00000;0;;;;;;;;;;;;;;;;;;;;;;;;;;;;;;;;;;;;;;;;;Queen;;;;Oakland;3338 Grand Ave;MASS ENRICH;;;;0003
0001000160;Microsoft Corporation;Company Microsoft Corporation/98052-8300 Redmond;Microsoft Corporation;Microsoft Corporation;MDG_EXPERT;20201110;0000025598;;;CUST;;;;;;0000000;;;;;;;;;;;;;;;;;;;US;Microsoft Corporation;;Redmond;98052-8300;1 Microsoft Way;MASS ENRIC;;;;;;;;;;;;;;E;;;;;00000;0;;;;;;;;;;;;;;;;;;;;;;;;;;;;;;;;;;;;;;;;;Microsoft Corporation;;;;Redmond;1 Microsoft Way;MASS ENRICH;;;;0003
0001000162;Xerox;Company Xerox/06851-1056 Norwalk;Xerox;Xerox;MDG_EXPERT;20201111;0000025613;;;CUST;;;;;;0000000;;;;;;;;;;;;;;;;;;;US;Xerox;;Norwalk;06851-1056;Merritt;DE_TEST;;;;;;;;;;;;;;E;;;;;00000;0;;;;;;;;;;;;;;;;;;;;;;;;;;;;;;;;;;;;;;;;;Xerox;;;;Norwalk;Merritt;DE_TEST;;;;0003
0003000041;Demo Customer as Company B;Company Demo Customer as Company B/08008 New York;Demo Customer as Company B;Demo Customer as Company B;SAP_WFRT;20201112;0000025623;;;DEBI;;;;;;0000000;;;;;;;;;;;;;;;;;;;US;Demo Customer as Company B;;New York;08008;26W New York;AM;;;NY;;;;;;;;;;;E;;;;;00000;0;;;;;;;;;;;;;;;;;;;;;;;;;;;;;;;;;;;;;;;;;Demo Customer as Company B;;;;New York;New York;AM;;New York;;0003
0003000050;Moonstone Company D002;Company Moonstone Company D002/ New York;Moonstone Company D002;Moonstone Company D002;SAP_WFRT;20210310;0000025785;;;DEBI;;;;;;0000000;;;;;;;;;;;;;;;;;;;US;Moonstone Company D002;;New York;;;MOON;;;NY;;;;;;;;;;;E;;;;;00000;0;;;;;;;;;;;;;;;;;;;;;;;;;;;;;;;;;;;;;;;;;Moonstone Company D002;;;;New York;;MOON;;;;0003
MDG_CU01;ABC Customer 01; ABC Customer 01/ New York;ABC Customer 01;ABC Customer 01;MDG_EXPERT;20190213;0000024725;;;KUNA;;;;;;0000000;;;;;;;;;;;;;;;;;;;US;ABC Customer 01;;New York;;;MDG;;;;;;;;;;;;;;E;;;;;00000;0;;;;;;;;;;;;;;;;;;;;;;;;;;;;;;;;;;;;;;;;;ABC Customer 01;;;;New York;;MDG;CUSTOMER;;;
0017100009;Domestic US Customer 9;Company Domestic US Customer 9/68847-5457 Kearney;Domestic US Customer 9;Domestic US Customer 9;BPINST;20171005;0000023468;;;CUST;;;;;;0000000;;NE00000000;;;;;;;;;;;;;;;;;US;Domestic US Customer 9;;Kearney;68847-5457;19 East 24th St;CUSTUS9;;;NE;999-123-5637;;;;;;;;;;E;;;;;00000;0;;;;;;;;;;;;;;;;;;;;;;;;;;;;;;;;;;;;;;;;;Domestic US Customer 9;;;;Kearney;East 24th St;CUSTUS9;;;;0003
0017411720;Plant 1720 US; Plant 1720 US/95834 Sacramento;Plant 1720 US;Plant 1720 US;S4H_TM_MH;20181110;0000024639;;;CUST;;;;;;0000000;;;;;;;;;;;;;;;;;;;US;Plant 1720 US;;Sacramento;95834;3936 El Centro Rd;PLNT1720;;;CA;;;;;;;;;;;E;;;;;00000;0;;;;;;;;;;;;;;;;;;;;;;;;;;;;;;;;;;;;;;;;;Plant 1720 US;;;;Sacramento;El Centro Rd;PLNT1720;;;;
0003000000;ABC Customer 02; ABC Customer 02/ Frankfurt;ABC Customer 02;ABC Customer 02;SAP_WFRT;20190214;0000024728;;;DEBI;;;;;;0000000;;;;;;;;XGF9992;;;;;;;;;;;DE;ABC Customer 02;;Frankfurt;;;MDG;;;;;;;;;;;;;;D;;;;;00000;0;;;;;;;;;;;;;;;;;;;;;;;;;;;;;;;;;;;;;;;;;ABC Customer 02;;;;Frankfurt;;MDG;ABC;;;
MDGC_MULT1;ABC Customer 02; ABC Customer 02/ Frankfurt;ABC Customer 02;ABC Customer 02;SAP_WFRT;20190214;0000024729;;;KUNA;;;;;;0000000;;;;;;;;XGF9992;;;;;;;;;;;DE;ABC Customer 02;;Frankfurt;;;MDG;;;;;;;;;;;;;;D;;;;;00000;0;;;;;;;;;;;;;;;;;;;;;;;;;;;;;;;;;;;;;;;;;ABC Customer 02;;;;Frankfurt;;MDG;ABC;;;
0001000230;Cyber Company SE; Cyber Company SE/4051 Basel;Cyber Company SE;Cyber Company SE;SAP_WFRT;20221120;0000026350;;;CUST;;;;;;0000000;;;;;;;;;;;;;;;;;;;CH;Cyber Company SE;;Basel;4051;Steinenberg 7;MDG;;;;;;;;;;;;;;D;;;;;00000;0;;;;;;;;;;;;;;;;;;;;;;;;;;;;;;;;;;;;;;;;;Cyber Company SE;;;;Basel;Steinenberg;MDG;;;;
0001000049;MDG Bupa; MDG Bupa/69111 Walldorf;MDG Bupa;MDG Bupa;MDG_EXPERT;20190218;0000024746;;DE123456788;CUST;;;;;;0000000;;;;;;;;;;;;;;;;;;;DE;MDG Bupa;;Walldorf;69111;Hauptstr. 10;123;;;;62271234567;;;;;;;;;;D;;;;;00000;0;;;;;;;;;;;;;;;;;;;;;;;;;;;;;;;;;;;;;;;;;MDG Bupa;;;;Walldorf;Hauptstr.;123;;;;
0001000050;MDG Bupa Copy; MDG Bupa Copy/69111 Walldorf;MDG Bupa Copy;MDG Bupa Copy;MDG_EXPERT;20190218;0000024751;;DE123456788;CUST;;;;;;0000000;;;;;;;;;;;;;;;;;;;DE;MDG Bupa Copy;;Walldorf;69111;Hauptstr. 10;MARKETING;;;;62271234567;;;;;;;;;;D;;;;;00000;0;;;;;;;;;;;;;;;;;;;;;;;;;;;;;;;;;;;;;;;;;MDG Bupa Copy;;;;Walldorf;Hauptstr.;MARKETING;;;;
0003000011;Demo Company as Customer A;Company Demo Company as Customer A/ Heidelburg;Demo Company as Customer A;Demo Company as Customer A;SAP_WFRT;20190221;0000024767;;;DEBI;;;;;;0000000;;;;;;;;;;;;;;;;;;;DE;Demo Company as Customer A;;Heidelburg;;;;;;;;;;;;;;;;;D;;;;;00000;0;;;;;;;;;;;;;;;;;;;;;;;;;;;;;;;;;;;;;;;;;Demo Company as Customer A;;;;Heidelburg;;;;;;0003
MDG_CU04;ABC Company 04;Company ABC Company 04/ DC;ABC Company 04;ABC Company 04;SAP_WFRT;20190221;0000024773;;;DEBI;;;;;;0000000;;;;;;;;;;;;;;;;;;;US;ABC Company 04;;DC;;;;;;;;;;;;;;;;;E;;;;;00000;0;;;;;;;;;;;;;;;;;;;;;;;;;;;;;;;;;;;;;;;;;ABC Company 04;;;;DC;;;;;;0003
MDG_CU05;ABC Company 05;Company ABC Company 05/ Los Angeles;ABC Company 05;ABC Company 05;SAP_WFRT;20190221;0000024775;;;DEBI;;;;;;0000000;;;;;;;;;;;;;;;;;;;US;ABC Company 05;;Los Angeles;;;MDG;;;;;;;;;;;;;;E;;;;;00000;0;;;;;;;;;;;;;;;;;;;;;;;;;;;;;;;;;;;;;;;;;ABC Company 05;;;;Los Angeles;;MDG;;;;0003
0017100010;Domestic US Customer 10;Company Domestic US Customer 10/30315-1402 Atlanta;Domestic US Customer 10;Domestic US Customer 10;BPINST;20181009;0000024415;;;CUST;;;;;;0000000;;GA00000000;;;;;;;;;;;;;;;;;US;Domestic US Customer 10;;Atlanta;30315-1402;1000 Augusta Ave SE;CUST10;;;GA;999 555 6710;;;;;;;;;;E;;;;;00000;0;;;;;;;;;;;;;;;;;;;;;;;;;;;;;;;;;;;;;;;;;Domestic US Customer 10;;;;Atlanta;Augusta Ave SE;CUST10;;;;0003
0003000020;Demo Company;Company Demo Company/76131 Karlsruhe;Demo Company;Demo Company;SAP_WFRT;20191112;0000025185;;;DEBI;;;;;;0000000;;;;;;;;;;;;;;;;;;;DE;Demo Company;;Karlsruhe;76131;;AR97;;;;;;;;;;;;;;D;;;;;00000;0;;;;;;;;;;;;;;;;;;;;;;;;;;;;;;;;;;;;;;;;;Demo Company;;;;Karlsruhe;;AR97;;;;0003
0010100023;Inlandskunde DE 23;Company Inlandskunde DE 23/55257 Budenheim;Inlandskunde DE 23;Inlandskunde DE 23;BPINST;20211019;0000025901;;DE204797706;FICA;;;;;;0000000;;;;;;;;;;;;;;;;;;;DE;Inlandskunde DE 23;;Budenheim;55257;Römerstraße 1230;KUNDE23;;;RP;09990 365-0;;;;;;;;;;D;;;;;00000;0;;;;;;;;;;;;;;;;;;;;;;;;;;;;;;;;;;;;;;;;;Inlandskunde DE 23;;;;Budenheim;Römerstraße;KUNDE23;;;;0003
0010100024;Inlandskunde DE 24;Company Inlandskunde DE 24/35578 Wetzlar;Inlandskunde DE 24;Inlandskunde DE 24;BPINST;20211019;0000025902;;DE161882268;FICA;;;;;;0000000;;;;;;;;;;;;;;;;;;;DE;Inlandskunde DE 24;;Wetzlar;35578;Lahnbergweg 23;KUNDE24;;;HE;09990 3568-0;;;;;;;;;;D;;;;;00000;0;;;;;;;;;;;;;;;;;;;;;;;;;;;;;;;;;;;;;;;;;Inlandskunde DE 24;;;;Wetzlar;Lahnbergweg;KUNDE24;;;;0003
0010100028;Inlandskunde DE 28;Company Inlandskunde DE 28/35578 Wetzlar;Inlandskunde DE 28;Inlandskunde DE 28;BPINST;20211019;0000025903;;DE161884265;FICA;;;;;;0000000;;;;;;;;;;;;;;;;;;;DE;Inlandskunde DE 28;;Wetzlar;35578;Lahnbergweg 83;KUNDE28;;;HE;09990 28920-0;;;;;;;;;;D;;;;;00000;0;;;;;;;;;;;;;;;;;;;;;;;;;;;;;;;;;;;;;;;;;Inlandskunde DE 28;;;;Wetzlar;Lahnbergweg;KUNDE28;;;;0003
0010100029;Inlandskunde DE 29;Company Inlandskunde DE 29/35578 Wetzlar;Inlandskunde DE 29;Inlandskunde DE 29;BPINST;20211019;0000025904;;DE161882378;FICA;;;;;;0000000;;;;;;;;;;;;;;;;;;;DE;Inlandskunde DE 29;;Wetzlar;35578;Lahnbergweg 93;KUNDE29;;;HE;09990 4558-0;;;;;;;;;;D;;;;;00000;0;;;;;;;;;;;;;;;;;;;;;;;;;;;;;;;;;;;;;;;;;Inlandskunde DE 29;;;;Wetzlar;Lahnbergweg;KUNDE29;;;;0003
0010100021;Inlandskunde DE 21;Company Inlandskunde DE 21/74214 Schöntal;Inlandskunde DE 21;Inlandskunde DE 21;BPINST;20211019;0000025906;;DE192455022;FICA;;;;;;0000000;;;;;;;;;;;;;;;;;;;DE;Inlandskunde DE 21;;Schöntal;74214;Lindenstraße 2;KUNDE21;;;BW;09990 4513-0;;;;;;;;;;D;;;;;00000;0;;;;;;;;;;;;;;;;;;;;;;;;;;;;;;;;;;;;;;;;;Inlandskunde DE 21;;;;Schöntal;Lindenstraße;KUNDE21;;;;0003
0010100120;Inlandskunde DE 120 (SEPA) FICA;Company Inlandskunde DE 120 (SEPA) FICA/66119 Saarbrücken;Inlandskunde DE 120 (SEPA) FICA;Inlandskunde DE 120 (SEPA) FICA;BPINST;20211019;0000025908;;DE275141334;FICA;;;;;;0000000;;;;;;;;;;;;;;;;;;;DE;Inlandskunde DE 120 (SEPA) FICA;;Saarbrücken;66119;Lohmeyerstraße 1420;KUNDE120;;;SL;09990 9821-0;;;;;;;;;;D;;;;;00000;0;;;;;;;;;;;;;;;;;;;;;;;;;;;;;;;;;;;;;;;;;Inlandskunde DE 120 (SEPA) FICA;;;;Saarbrücken;Lohmeyerstraße;KUNDE120;;;;0003
0017300095;US - Sales Commission Recipient;Company US - Sales Commission Recipient/47305-2757 Muncie;US - Sales Commission Recipient;US - Sales Commission Recipient;BPINST;20181009;0000024421;;;CUST;;;;;;0000000;;IN00000000;;;;;;;;;;;;;;;;;US;US - Sales Commission Recipient;;Muncie;47305-2757;198 S Ohio Ave;SUPL10;;;IN;999 856 4321;;;;;;;;;;E;;;;;00000;0;;;;;;;;;;;;;;;;;;;;;;;;;;;;;;;;;;;;;;;;;US - Sales Commission Recipient;;;;Muncie;S Ohio Ave;SUPL10;;;;0003
0017154802;JIT Company;Company JIT Company/19073 Newtown Square;JIT Company;JIT Company;BPINST;20211019;0000025933;;;CUST;;;;;;0000000;;PA00000000;;;;;;;;;;;;;;;;;US;JIT Company;;Newtown Square;19073;3999 West Chester Pike;JIT;;;PA;16106611000;;;;;;;;;;E;;;;;00000;0;;;X;;;;;;;;;;;;;;;;;;;;;;;;;;;;;;;;;;;;;;JIT Company;;;;Newtown Square;West Chester Pike;JIT;;;;0003
0017100011;SAP SE;Company SAP SE/19073-3299 Newtown Square;SAP SE;SAP SE;BPINST;20171005;0000023511;;;CUST;;;;;;0000000;;PA00000000;;;;;;;;;;;;;;;;;US;SAP SE;;Newtown Square;19073-3299;3999 West Chester Pike;CUST11;;;PA;999-235-9876;;;;;;;;;;E;;;;;00000;0;;;;;;;;;;;;;;;;;;;;;;;;;;;;;;;;;;;;;;;;;SAP SE;;;;Newtown Square;West Chester Pike;CUST11;;;;0003
0017100012;Domestic Customer Invoice List;Company Domestic Customer Invoice List/30315-1402 Atlanta;Domestic Customer Invoice List;Domestic Customer Invoice List;BPINST;20181009;0000024411;;;CUST;;;;;;0000000;;GA00000000;;;;;;;;;;;;;;;;;US;Domestic Customer Invoice List;;Atlanta;30315-1402;22 Augusta Ave SE;INVOICE LI;;;GA;999 555 6721;;;;;;;;;;E;;;;;00000;0;;;;;;;;;;;;;;;;;;;;;;;;;;;;;;;;;;;;;;;;;Domestic Customer Invoice List;;;;Atlanta;Augusta Ave SE;INVOICE LIST;;;;0003
0017000009;Copenhagen municipality; Copenhagen municipality/6979 Copenhagen;Copenhagen municipality;Copenhagen municipality;S4H_SD;20211111;0000026010;;;0012;;;;;;0000000;;;;;;;;;;;;;;;;;;;DK;Copenhagen municipality;;Copenhagen;6979;Anderson str 1;NODE 1;;;;;;;;;;;;;;E;;;;;00000;0;;;;;;;;;;;;;;;;;;;;;;;;;;;;;;;;;;;;;;;;;Copenhagen municipality;;;;Copenhagen;Anderson str 1;NODE 1;;;;
BP_US_01;John Miller;Mr. John Miller/94304 PALO ALTO;John Miller;John Miller;S4H_FIN;20211111;0000026014;;;FICA;;;;;;0000000;;CA00000000;;;;;;;;;;;;;;;;;US;John Miller;;PALO ALTO;94304;3410 Hillview Ave;;;;CA;;;;;;;;;X;;E;;;;;00000;0;;;;;;;;;;;;;;;;;;;;;;;;;;;;;;;;;;;;;;;;;John Miller;;;;PALO ALTO;Hillview Ave;;;;;0002
0001000180;name; name/ bucharest;name;name;BPINST;20211122;0000026045;;;CUST;;;;;;0000000;;;;;;;;;;;;;;;;;;;RO;name;;bucharest;;;;;;;;;;;;;03;;;;4;;;;;00000;0;;;;;;;;;;;;;;;;;;;;;;;;;;;;;;;;;;;;;;;;;name;;;;bucharest;;;;;;
0001000189;Venus Hair Cosmetics; Venus Hair Cosmetics/46003 Valencia;Venus Hair Cosmetics;Venus Hair Cosmetics;SAP_WFRT;20220316;0000026111;;;CUST;MDQ;;;;;0000000;;;;;;;;;;;;;;;;;;;ES;Venus Hair Cosmetics;;Valencia;46003;c Mar 64;MARKETING;;;;;;;;;;;;;;E;;;;;00000;0;;;;;;;;;;;;;;;;;;;;;;;;;;;;;;;;;;;;;;;;;Venus Hair Cosmetics;;;;Valencia;c Mar 64;MARKETING VENUS;MDCCAL;;;
0001000190;Venus Hair; Venus Hair/46003 Valencia;Venus Hair;Venus Hair;SAP_WFRT;20220316;0000026112;;;CUST;MDQ;;;;;0000000;;;;;;;;;;;;;;;;;;;ES;Venus Hair;;Valencia;46003;c Mar 64;MARKETING;;;;;;;;;;;;;;E;;;;;00000;0;;;;;;;;;;;;;;;;;;;;;;;;;;;;;;;;;;;;;;;;;Venus Hair;;;;Valencia;c Mar;MARKETING HAIR;MDCCAL;;;
0001000191;Earth Communications; Earth Communications/74072 Heilbronn;Earth Communications;Earth Communications;SAP_WFRT;20220316;0000026113;;;CUST;MDQ;;;;;0000000;;;;;;;;;;;;;;;;;;;DE;Earth Communications;;Heilbronn;74072;Lerchenstr 117;MARKETING;;;;;;;;;;;;;;E;;;;;00000;0;;;;;;;;;;;;;;;;;;;;;;;;;;;;;;;;;;;;;;;;;Earth Communications;;;;Heilbronn;Lerchenstr 117;MARKETING PLANET;MDCCAL;;;
0001000192;Mars Travel Agency; Mars Travel Agency/30003 Murcia;Mars Travel Agency;Mars Travel Agency;SAP_WFRT;20220316;0000026114;;;CUST;MDQ;;;;;0000000;;;;;;;;;;;;;;;;;;;ES;Mars Travel Agency;;Murcia;30003;c Obispo Frutos 12;MARKETING;;;;;;;;;;;;;;E;;;;;00000;0;;;;;;;;;;;;;;;;;;;;;;;;;;;;;;;;;;;;;;;;;Mars Travel Agency;;;;Murcia;c Obispo Frutos;MARKETING MARS;MDCCAL;;;
0001000193;Uranus Chemie; Uranus Chemie/76690 Ubstadt-Weiher;Uranus Chemie;Uranus Chemie;SAP_WFRT;20220316;0000026115;;;CUST;MDQ;;;;;0000000;;;;;;;;;;;;;;;;;;;DE;Uranus Chemie;;Ubstadt-Weiher;76690;Hauptstr 6;MARKETING;;;;;;;;;;;;;;E;;;;;00000;0;;;;;;;;;;;;;;;;;;;;;;;;;;;;;;;;;;;;;;;;;Uranus Chemie;;;;Ubstadt-Weiher;Hauptstr 6;MARKETING URANUS;MDCCAL;;;
0001000198;Venus Hair Cosmetics;Company Venus Hair Cosmetics/46003 Valencia;Venus Hair Cosmetics;Venus Hair Cosmetics;SAP_WFRT;20220318;0000026142;;;CUST;MDQ;;;;;0000000;;;;;;;;;;;;;;;;;;;ES;Venus Hair Cosmetics;;Valencia;46003;c Mar 64;MARKETING;;;46;;;;;;;;;;;E;;;;;00000;0;;;;;;;;;;;;;;;;;;;;;;;;;;;;;;;;;;;;;;;;;Venus Hair Cosmetics;;;;Valencia;c Mar;MARKETING VENUS;MDCCAL;;;0003
0001000200;Mars Travel Agency;Company Mars Travel Agency/30003 Murcia;Mars Travel Agency;Mars Travel Agency;SAP_WFRT;20220318;0000026144;;;CUST;MDQ;;;;;0000000;;;;;;;;;;;;;;;;;;;ES;Mars Travel Agency;;Murcia;30003;c Obispo Frutos 12;MARKETING;;;30;;;;;;;;;;;E;;;;;00000;0;;;;;;;;;;;;;;;;;;;;;;;;;;;;;;;;;;;;;;;;;Mars Travel Agency;;;;Murcia;c Obispo Frutos;MARKETING MARS;MDCCAL;;;0003
0001000201;Taucher Neptun;Company Taucher Neptun/20457 Hamburg;Taucher Neptun;Taucher Neptun;SAP_WFRT;20220318;0000026145;;;CUST;MDQ;;;;;0000000;;;;;;;;;;;;;;;;;;;DE;Taucher Neptun;;Hamburg;20457;Afrikastr 328;MARKETING;;;02;;;;;;;;;;;D;;;;;00000;0;;;;;;;;;;;;;;;;;;;;;;;;;;;;;;;;;;;;;;;;;Taucher Neptun;;;;Hamburg;Afrikastr;MARKETING NEPTUN;MDCCAL;;;0003
0001000199;Venus Hair;Company Venus Hair/46003 Valencia;Venus Hair;Venus Hair;SAP_WFRT;20220318;0000026143;;;CUST;MDQ;;;;;0000000;;;;;;;;;;;;;;;;;;;ES;Venus Hair;;Valencia;46003;c Mar 64;MARKETING;;;46;;;;;;;;;;;E;;;;;00000;0;;;;;;;;;;;;;;;;;;;;;;;;;;;;;;;;;;;;;;;;;Venus Hair;;;;Valencia;c Mar;MARKETING HAIR;MDCCAL;;;0003
0001000202;Venus Hair Cosmetics;Company Venus Hair Cosmetics/46003 Valencia;Venus Hair Cosmetics;Venus Hair Cosmetics;SAP_WFRT;20220318;0000026153;;;CUST;MDQ;;;;;0000000;;;;;;;;;;;;;;;;;;;ES;Venus Hair Cosmetics;;Valencia;46003;c Mar 64;MARKETING;;;46;;;;;;;;;;;E;;;;;00000;0;;;;;;;;;;;;;;;;;;;;;;;;;;;;;;;;;;;;;;;;;Venus Hair Cosmetics;;;;Valencia;c Mar;MARKETING VENUS;MDCCAL;;;0003
0001000203;Venus Hair;Company Venus Hair/46003 Valencia;Venus Hair;Venus Hair;SAP_WFRT;20220318;0000026154;;;CUST;MDQ;;;;;0000000;;;;;;;;;;;;;;;;;;;ES;Venus Hair;;Valencia;46003;c Mar 64;MARKETING;;;46;;;;;;;;;;;E;;;;;00000;0;;;;;;;;;;;;;;;;;;;;;;;;;;;;;;;;;;;;;;;;;Venus Hair;;;;Valencia;c Mar;MARKETING HAIR;MDCCAL;;;0003
0001000204;Mars Travel Agency;Company Mars Travel Agency/30003 Murcia;Mars Travel Agency;Mars Travel Agency;SAP_WFRT;20220318;0000026155;;;CUST;MDQ;;;;;0000000;;;;;;;;;;;;;;;;;;;ES;Mars Travel Agency;;Murcia;30003;c Obispo Frutos 12;MARKETING;;;30;;;;;;;;;;;E;;;;;00000;0;;;;;;;;;;;;;;;;;;;;;;;;;;;;;;;;;;;;;;;;;Mars Travel Agency;;;;Murcia;c Obispo Frutos;MARKETING MARS;MDCCAL;;;0003
0001000205;Taucher Neptun;Company Taucher Neptun/20457 Hamburg;Taucher Neptun;Taucher Neptun;SAP_WFRT;20220318;0000026156;;;CUST;MDQ;;;;;0000000;;;;;;;;;;;;;;;;;;;DE;Taucher Neptun;;Hamburg;20457;Afrikastr 328;MARKETING;;;02;;;;;;;;;;;D;;;;;00000;0;;;;;;;;;;;;;;;;;;;;;;;;;;;;;;;;;;;;;;;;;Taucher Neptun;;;;Hamburg;Afrikastr;MARKETING NEPTUN;MDCCAL;;;0003
0001000209;Venus Hair Cosmetics;Company Venus Hair Cosmetics/46003 Valencia;Venus Hair Cosmetics;Venus Hair Cosmetics;SAP_WFRT;20220321;0000026171;;;CUST;MDQ;;;;;0000000;;;;;;;;;;;;;;;;;;;ES;Venus Hair Cosmetics;;Valencia;46003;c Mar 64;MARKETING;;;46;;;;;;;;;;;E;;;;;00000;0;;;;;;;;;;;;;;;;;;;;;;;;;;;;;;;;;;;;;;;;;Venus Hair Cosmetics;;;;Valencia;c Mar;MARKETING VENUS;MDCCAL;;;0003
0001000210;Venus Hair;Company Venus Hair/46003 Valencia;Venus Hair;Venus Hair;SAP_WFRT;20220321;0000026172;;;CUST;MDQ;;;;;0000000;;;;;;;;;;;;;;;;;;;ES;Venus Hair;;Valencia;46003;c Mar 64;MARKETING;;;46;;;;;;;;;;;E;;;;;00000;0;;;;;;;;;;;;;;;;;;;;;;;;;;;;;;;;;;;;;;;;;Venus Hair;;;;Valencia;c Mar;MARKETING HAIR;MDCCAL;;;0003
0001000211;Mars Travel Agency;Company Mars Travel Agency/30003 Murcia;Mars Travel Agency;Mars Travel Agency;SAP_WFRT;20220321;0000026173;;;CUST;MDQ;;;;;0000000;;;;;;;;;;;;;;;;;;;ES;Mars Travel Agency;;Murcia;30003;c Obispo Frutos 12;MARKETING;;;30;;;;;;;;;;;E;;;;;00000;0;;;;;;;;;;;;;;;;;;;;;;;;;;;;;;;;;;;;;;;;;Mars Travel Agency;;;;Murcia;c Obispo Frutos;MARKETING MARS;MDCCAL;;;0003
0001000212;Taucher Neptun;Company Taucher Neptun/20457 Hamburg;Taucher Neptun;Taucher Neptun;SAP_WFRT;20220321;0000026174;;;CUST;MDQ;;;;;0000000;;;;;;;;;;;;;;;;;;;DE;Taucher Neptun;;Hamburg;20457;Afrikastr 328;MARKETING;;;02;;;;;;;;;;;D;;;;;00000;0;;;;;;;;;;;;;;;;;;;;;;;;;;;;;;;;;;;;;;;;;Taucher Neptun;;;;Hamburg;Afrikastr;MARKETING NEPTUN;MDCCAL;;;0003
BP1001621;FLOG_CUST;Company FLOG_CUST/56784 los Angeles;FLOG_CUST;FLOG_CUST;S4H_MM;20221105;0000026322;;;CUST;;;;;;0000000;;;;;;;;;;;;;;;;;;;US;FLOG_CUST;;los Angeles;56784;;;;;CA;;;;;;;;;;;E;;;;;00000;0;;;;;;;;;;;;;;;;;;;;;;;;;;;;;;;;;;;;;;;;;FLOG_CUST;;;;los Angeles;;;;;;0003
BP1001660;Plant FORP as Business Partner;Company Plant FORP as Business Partner/94304-1355 Palo Alto;Plant FORP as Business Partner;Plant FORP as Business Partner;S4H_MM;20221105;0000026324;;;CUST;;;;;;0000000;;;;;;;;;;;;;;;;;;;US;Plant FORP as Business Partner;;Palo Alto;94304-1355;Deer Creek;PLNT FORP;;;CA;;;;;;;;;;;E;;;;;00000;0;;;;;;;;;;;;;;;;;;;;;;;;;;;;;;;;;;;;;;;;;Plant FORP as Business Partner;;;;Palo Alto;Deer Creek;PLNT FORP;;;;0003
BP1003882;FLOG_CUST_REMOTE;Company FLOG_CUST_REMOTE/56784 Palo Alto;FLOG_CUST_REMOTE;FLOG_CUST_REMOTE;S4H_MM;20221105;0000026327;;;CUST;;;;;;0000000;;;;;;;;;;;;;;;;;;;US;FLOG_CUST_REMOTE;;Palo Alto;56784;;;;;CA;;;;;;;;;;;E;;;;;00000;0;;;;;;;;;;;;;;;;;;;;;;;;;;;;;;;;;;;;;;;;;FLOG_CUST_REMOTE;;;;Palo Alto;;;;;;0003
BP1001650;FLOG-SUPP;Company FLOG-SUPP/56784 Houston;FLOG-SUPP;FLOG-SUPP;S4H_MM;20221105;0000026330;;;CUST;;;;;;0000000;;;;;;;;;;;;BP1001650;;;;;;;US;FLOG-SUPP;;Houston;56784;5th Avenue;;;;CA;;;;;;;;;;;E;;;;;00000;0;;;;;;;;;;;;;;;;;;;;;;;;;;;;;;;;;;;;;;;;;FLOG-SUPP;;;;Houston;5th Avenue;;;;;0003
0017300084;Domestic US Supplier 84 (EDI);Company Domestic US Supplier 84 (EDI)/40202-3202 Louisville;Domestic US Supplier 84 (EDI);Domestic US Supplier 84 (EDI);S4H_FIN;20221118;0000026348;;;CUST;;;;;;0000000;;KY00000000;;;;;;;;;;0017300084;;;;;;;US;Domestic US Supplier 84 (EDI);;Louisville;40202-3202;416 West Jefferson;SUPL84;;;KY;999 256 2384;;;;;;;;;;E;;;;;00000;0;;;;;;;;;;;;;;;;;;;;;;;;;;;;;;;;;;;;;;;;;Domestic US Supplier 84 (EDI);;;;Louisville;West Jefferson;SUPL84;;;;0003
MDG_CU03;ABC Company 03;Company ABC Company 03/ New York;ABC Company 03;ABC Company 03;SAP_WFRT;20190221;0000024771;;;DEBI;;;;;;0000000;;;;;;;;;;;;;;;;;;;US;ABC Company 03;;New York;;;MDG;;;;;;;;;;;;;;E;;;;;00000;0;;;;;;;;;;;;;;;;;;;;;;;;;;;;;;;;;;;;;;;;;ABC Company 03;;;;New York;;MDG;;;;0003
VENFLPO;VENFLPO;Company VENFLPO/56784 Houston;VENFLPO;VENFLPO;S4H_MM;20221127;0000026406;;;CUST;;;;;;0000000;;;;;;;;;;;;;;;;;;;US;VENFLPO;;Houston;56784;;;;;CA;;;;;;;;;;;E;;;;;00000;0;;;;;;;;;;;;;;;;;;;;;;;;;;;;;;;;;;;;;;;;;VENFLPO;;;;Houston;;;;;;0003
0001000239; Name 1;Company  Name 1/11569 Heidelberg; Name 1; Name 1;SAP_WFRT;20230606;0000026465;;;CUST;;;;;;0000000;;;;;;;;;;;;;;;;;;;DE; Name 1;;Heidelberg;11569;Rheinstrasse 8; NAME 1;;;;;;;;;;;;;;D;;;;;00000;0;;;;;;;;;;;;;;;;;;;;;;;;;;;;;;;;;;;;;;;;; Name 1;;;;Heidelberg;Rheinstrasse; NAME 1;;;;0003
0017100013;Domestic Customer Invoice List;Company Domestic Customer Invoice List/30315-1402 Atlanta;Domestic Customer Invoice List;Domestic Customer Invoice List;BPINST;20181009;0000024413;;;CUST;;;;;;0000000;;GA00000000;;;;;;;;;;;;;;;;;US;Domestic Customer Invoice List;;Atlanta;30315-1402;2 Augusta Ave SE;CUSTUS13;;;GA;999 555 6721;;;;;;;;;;E;;;;;00000;0;;;;;;;;;;;;;;;;;;;;;;;;;;;;;;;;;;;;;;;;;Domestic Customer Invoice List;;;;Atlanta;Augusta Ave SE;CUSTUS13;;;;0003
0001000259;sprachlos; sprachlos/69120 rot-malsch;sprachlos;sprachlos;SAP_WFRT;20231117;0000026609;;;CUST;MDQ;;;;;0000000;;;;;;;;;;;;;;;;;;;DE;sprachlos;;rot-malsch;69120;Rathausstr 66;MARKETING;;;;;;;;;;;;;;E;;;;;00000;0;;;;;;;;;;;;;;;;;;;;;;;;;;;;;;;;;;;;;;;;;sprachlos;;;;rot-malsch;Rathausstr;MARKETING;;;;
0001000260;bike amundsen; bike amundsen/10345 atlanta;bike amundsen;bike amundsen;SAP_WFRT;20231117;0000026611;;;CUST;MDQ;;;;;0000000;;;;;;;;;;;;;;;;;;;US;bike amundsen;;atlanta;10345;44 plaza;MARKETING;;;;;;;;;;;;;;E;;;;;00000;0;;;;;;;;;;;;;;;;;;;;;;;;;;;;;;;;;;;;;;;;;bike amundsen;;;;atlanta;plaza;MARKETING;;;;
0001000263;Customer SRV 1710 ICO Inc.;Company Customer SRV 1710 ICO Inc./94304 Palo Alto;Customer SRV 1710 ICO Inc.;Customer SRV 1710 ICO Inc.;SERV_MAN;20231119;0000026621;;;CUST;;;;;;0000000;;CA00000000;;;;;;;;;;;;;;;;;US;Customer SRV 1710 ICO Inc.;;Palo Alto;94304;105 Hillview Avenue;;;;CA;;;;;;;;;;;E;;;;;00000;0;;;;;;;;;;;;;;;;;;;;;;;;;;;;;;;;;;;;;;;;;Customer SRV 1710 ICO Inc.;;;;Palo Alto;Hillview Avenue;;;;;0003
0017537006;Associate or Joint Venture;Company Associate or Joint Venture/90210 Los Angeles;Associate or Joint Venture;Associate or Joint Venture;S4H_FIN;20231120;0000026624;;;CUST;;;;;;0000000;;;;;;;;;;;;;;;;;;;US;Associate or Joint Venture;;Los Angeles;90210;11-15 Tipografilor;ASSOCIATE;;;;;;;;;;;;;;E;;;;;00000;0;;;;;;;;;;;;;;;;;;;;;;;;;;;;;;;;;;;;;;;;;Associate or Joint Venture;;;;Los Angeles;Tipografilor;ASSOCIATE OR JOINT V;ASSOCIATE OR JOINT V;;;0003
0001000261;E-Bike Center; E-Bike Center/70123 Stuttgart;E-Bike Center;E-Bike Center;SAP_WFRT;20231120;0000026626;;;CUST;MDQ;;;;;0000000;;;;;;;;;;;;;;;;;;;DE;E-Bike Center;;Stuttgart;70123;Unter den Linden 333;MARKETING;;;;;;;;;;;;;;E;;;;;00000;0;;;;;;;;;;;;;;;;;;;;;;;;;;;;;;;;;;;;;;;;;E-Bike Center;;;;Stuttgart;Unter den Linden;MARKETING;;;;
0001000262;E-Bike Rental; E-Bike Rental/70334 Konstanz;E-Bike Rental;E-Bike Rental;SAP_WFRT;20231120;0000026627;;;CUST;MDQ;;;;;0000000;;;;;;;;;;;;;;;;;;;DE;E-Bike Rental;;Konstanz;70334;Am See 22;MARKETING;;;;;;;;;;;;;;E;;;;;00000;0;;;;;;;;;;;;;;;;;;;;;;;;;;;;;;;;;;;;;;;;;E-Bike Rental;;;;Konstanz;Am See;MARKETING;;;;
0001000269;Titan Screws; Titan Screws/96022 Cottonwood;Titan Screws;Titan Screws;SAP_WFRT;20231120;0000026638;;;CUST;MDQ;;;;;0000000;;;;;;;;;;;;;;;;;;;US;Titan Screws;;Cottonwood;96022;22119 River St;MARKETING2;;;CA;811-43;;;;;;;;;;E;;;;;00000;0;;;;;;;;;;;;;;;;;;;;;;;;;;;;;;;;;;;;;;;;;Titan Screws;;;;Cottonwood;River St;MARKETING2021;;;;
0001000270;Pluto Windpark; Pluto Windpark/56401 Brainerd;Pluto Windpark;Pluto Windpark;SAP_WFRT;20231120;0000026639;;;CUST;MDQ;;;;;0000000;;;;;;;;;;;;;;;;;;;US;Pluto Windpark;;Brainerd;56401;2211 Wide Ave;MARKETING2;;;;723 4455-11;;;;;;;;;;E;;;;;00000;0;;;;;;;;;;;;;;;;;;;;;;;;;;;;;;;;;;;;;;;;;Pluto Windpark;;;;Brainerd;Wide Ave;MARKETING2021;;;;
0001000271;Venus Computer; Venus Computer/97535 Phoenix;Venus Computer;Venus Computer;SAP_WFRT;20231120;0000026640;;;CUST;MDQ;;;;;0000000;;;;;;;;;;;;;;;;;;;US;Venus Computer;;Phoenix;97535;12 Rose St;MARKETING2;;;;811-43;;;;;;;;;;E;;;;;00000;0;;;;;;;;;;;;;;;;;;;;;;;;;;;;;;;;;;;;;;;;;Venus Computer;;;;Phoenix;Rose St;MARKETING2021;;;;
0001000272;Mars Electronics; Mars Electronics/17752-1418 Montgomery;Mars Electronics;Mars Electronics;SAP_WFRT;20231120;0000026641;;;CUST;MDQ;;;;;0000000;;;;;;;;;;;;;;;;;;;US;Mars Electronics;;Montgomery;17752-1418;30 Broad St;MARKETING2;;;PA;5552-11;;;;;;;;;;E;;;;;00000;0;;;;;;;;;;;;;;;;;;;;;;;;;;;;;;;;;;;;;;;;;Mars Electronics;;;;Montgomery;Broad St;MARKETING2021;;;;
0001000273;Earth Communications; Earth Communications/32577 Molino;Earth Communications;Earth Communications;SAP_WFRT;20231120;0000026642;;;CUST;MDQ;;;;;0000000;;;;;;;;;;;;;;;;;;;US;Earth Communications;;Molino;32577;78 Cherry St;MARKETING2;;;;7445-23;;;;;;;;;;E;;;;;00000;0;;;;;;;;;;;;;;;;;;;;;;;;;;;;;;;;;;;;;;;;;Earth Communications;;;;Molino;Cherry St;MARKETING2021;;;;
0001000274;Windpark Eco Supplies Inc; Windpark Eco Supplies Inc/07882 Washington;Windpark Eco Supplies Inc;Windpark Eco Supplies Inc;SAP_WFRT;20231120;0000026643;;;CUST;MDQ;;;;;0000000;;;;;;;;;;;;;;;;;;;US;Windpark Eco Supplies Inc;;Washington;07882;55 Industrial Square;MARKETING2;;;;722 4455-11;;;;;;;;;;E;;;;;00000;0;;;;;;;;;;;;;;;;;;;;;;;;;;;;;;;;;;;;;;;;;Windpark Eco Supplies Inc;;;;Washington;Industrial Square;MARKETING2021;;;;
0001000275;Postfossil Energies Ltd; Postfossil Energies Ltd/49546 Grand Rapids;Postfossil Energies Ltd;Postfossil Energies Ltd;SAP_WFRT;20231120;0000026644;;;CUST;MDQ;;;;;0000000;;;;;;;;;;;;;;;;;;;US;Postfossil Energies Ltd;;Grand Rapids;49546;231 West Street;MARKETING2;;;;8553-12;;;;;;;;;;E;;;;;00000;0;;;;;;;;;;;;;;;;;;;;;;;;;;;;;;;;;;;;;;;;;Postfossil Energies Ltd;;;;Grand Rapids;West Street;MARKETING2021;;;;
0001000276;Jupiter Jones; Jupiter Jones/95818-4403 Sacramento;Jupiter Jones;Jupiter Jones;SAP_WFRT;20231120;0000026645;;;CUST;MDQ;;;;;0000000;;;;;;;;;;;;;;;;;;;US;Jupiter Jones;;Sacramento;95818-4403;2517 9th Ave;MARKETING2;;;CA;66654-54;;;;;;;;;;E;;;;;00000;0;;;;;;;;;;;;;;;;;;;;;;;;;;;;;;;;;;;;;;;;;Jupiter Jones;;;;Sacramento;9th Ave;MARKETING2021;;;;
0001000277;Sunrise Solar; Sunrise Solar/67846 Garden City;Sunrise Solar;Sunrise Solar;SAP_WFRT;20231120;0000026646;;;CUST;MDQ;;;;;0000000;;;;;;;;;;;;;;;;;;;US;Sunrise Solar;;Garden City;67846;1240 Shannon Ave;MARKETING2;;;;7445-23;;;;;;;;;;E;;;;;00000;0;;;;;;;;;;;;;;;;;;;;;;;;;;;;;;;;;;;;;;;;;Sunrise Solar;;;;Garden City;Shannon Ave;MARKETING2021;;;;
0001000278;Mercury International; Mercury International/42503-5342 Somerset;Mercury International;Mercury International;SAP_WFRT;20231120;0000026647;;;CUST;MDQ;;;;;0000000;;;;;;;;;;;;;;;;;;;US;Mercury International;;Somerset;42503-5342;708 Cemetery Rd;MARKETING2;;;KY;8553-12;;;;;;;;;;E;;;;;00000;0;;;;;;;;;;;;;;;;;;;;;;;;;;;;;;;;;;;;;;;;;Mercury International;;;;Somerset;Cemetery Rd;MARKETING2021;;;;
0001000285;Venus Hair; Venus Hair/46003 Valencia;Venus Hair;Venus Hair;SAP_WFRT;20231122;0000026663;;;CUST;MDQ;;;;;0000000;;;;;;;;;;;;;;;;;;;ES;Venus Hair;;Valencia;46003;c Mar 64;MARKETING;;;;;;;;;;;;;;E;;;;;00000;0;;;;;;;;;;;;;;;;;;;;;;;;;;;;;;;;;;;;;;;;;Venus Hair;;;;Valencia;c Mar;MARKETING HAIR;MDCCAL;;;
0001000286;Venus Hair Cosmetics; Venus Hair Cosmetics/46003 Valencia;Venus Hair Cosmetics;Venus Hair Cosmetics;SAP_WFRT;20231122;0000026664;;;CUST;MDQ;;;;;0000000;;;;;;;;;;;;;;;;;;;ES;Venus Hair Cosmetics;;Valencia;46003;c Mar 64;MARKETING;;;;;;;;;;;;;;E;;;;;00000;0;;;;;;;;;;;;;;;;;;;;;;;;;;;;;;;;;;;;;;;;;Venus Hair Cosmetics;;;;Valencia;c Mar 64;MARKETING VENUS;MDCCAL;;;
0001000289;Mars Travel Agency; Mars Travel Agency/30003 Murcia;Mars Travel Agency;Mars Travel Agency;SAP_WFRT;20231122;0000026671;;;CUST;MDQ;;;;;0000000;;;;;;;;;;;;;;;;;;;ES;Mars Travel Agency;;Murcia;30003;c Obispo Frutos 12;MARKETING;;;;;;;;;;;;;;E;;;;;00000;0;;;;;;;;;;;;;;;;;;;;;;;;;;;;;;;;;;;;;;;;;Mars Travel Agency;;;;Murcia;c Obispo Frutos;MARKETING MARS;MDCCAL;;;
0001000443;SAP SE; SAP SE/69190 Walldorf;SAP SE;SAP SE;SAP_WFRT;20231124;0000026839;;DE143454214;CUST;;;;;;0000000;;;;;;;;;;;;;;;;;;;DE;SAP SE;;Walldorf;69190;Dietmar-Hopp-Allee 16;TEST MARTI;;;BW;;;;;;;;;;;D;;;;;00000;0;;;;;;;;;;;;;;;;;;;;;;;;;;;;;;;;;;;;;;;;;SAP SE;;;;Walldorf;Dietmar-Hopp-Allee;TEST MARTIN;;;;
0001000444;Venus Hair Cosmetics; Venus Hair Cosmetics/46003 Valencia;Venus Hair Cosmetics;Venus Hair Cosmetics;SAP_WFRT;20231124;0000026846;;;CUST;MDQ;;;;;0000000;;;;;;;;;;;;;;;;;;;ES;Venus Hair Cosmetics;;Valencia;46003;c Mar 64;MARKETING;;;;;;;;;;;;;;E;;;;;00000;0;;;;;;;;;;;;;;;;;;;;;;;;;;;;;;;;;;;;;;;;;Venus Hair Cosmetics;;;;Valencia;c Mar 64;MARKETING VENUS;MDCCAL;;;
0001000445;Mars Travel Agency; Mars Travel Agency/30003 Murcia;Mars Travel Agency;Mars Travel Agency;SAP_WFRT;20231124;0000026847;;;CUST;MDQ;;;;;0000000;;;;;;;;;;;;;;;;;;;ES;Mars Travel Agency;;Murcia;30003;c Obispo Frutos 12;MARKETING;;;;;;;;;;;;;;E;;;;;00000;0;;;;;;;;;;;;;;;;;;;;;;;;;;;;;;;;;;;;;;;;;Mars Travel Agency;;;;Murcia;c Obispo Frutos;MARKETING MARS;MDCCAL;;;
0001000446;Earth Communications; Earth Communications/74072 Heilbronn;Earth Communications;Earth Communications;SAP_WFRT;20231124;0000026848;;;CUST;MDQ;;;;;0000000;;;;;;;;;;;;;;;;;;;DE;Earth Communications;;Heilbronn;74072;Lerchenstr 117;MARKETING;;;;;;;;;;;;;;D;;;;;00000;0;;;;;;;;;;;;;;;;;;;;;;;;;;;;;;;;;;;;;;;;;Earth Communications;;;;Heilbronn;Lerchenstr 117;MARKETING PLANET;MDCCAL;;;
0001000447;Taucher Neptun; Taucher Neptun/20457 Hamburg;Taucher Neptun;Taucher Neptun;SAP_WFRT;20231124;0000026849;;;CUST;MDQ;;;;;0000000;;;;;;;;;;;;;;;;;;;DE;Taucher Neptun;;Hamburg;20457;Afrikastr 328;MARKETING;;;;;;;;;;;;;;D;;;;;00000;0;;;;;;;;;;;;;;;;;;;;;;;;;;;;;;;;;;;;;;;;;Taucher Neptun;;;;Hamburg;Afrikastr;MARKETING NEPTUN;MDCCAL;;;
0001000448;Abcnus Chemie; Abcnus Chemie/76690 Ubstadt-Weiher;Abcnus Chemie;Abcnus Chemie;SAP_WFRT;20231124;0000026850;;;CUST;MDQ;;;;;0000000;;;;;;;;;;;;;;;;;;;DE;Abcnus Chemie;;Ubstadt-Weiher;76690;Hauptstr 6;MARKETING;;;;;;;;;;;;;;D;;;;;00000;0;;;;;;;;;;;;;;;;;;;;;;;;;;;;;;;;;;;;;;;;;Abcnus Chemie;;;;Ubstadt-Weiher;Hauptstr 6;MARKETING URANUS;MDCCAL;;;
0001000449;Venus Hair; Venus Hair/46003 Valencia;Venus Hair;Venus Hair;SAP_WFRT;20231124;0000026851;;;CUST;MDQ;;;;;0000000;;;;;;;;;;;;;;;;;;;ES;Venus Hair;;Valencia;46003;c Mar 64;MARKETING;;;;;;;;;;;;;;E;;;;;00000;0;;;;;;;;;;;;;;;;;;;;;;;;;;;;;;;;;;;;;;;;;Venus Hair;;;;Valencia;c Mar;MARKETING HAIR;MDCCAL;;;
0010186001;TM Inlandskunde DE 1;Company TM Inlandskunde DE 1/20148 Hamburg;TM Inlandskunde DE 1;TM Inlandskunde DE 1;BPINST;20241018;0000027053;;DE245584140;CUST;;;;;;0000000;;;;;;;;;;;;;;;;;;;DE;TM Inlandskunde DE 1;;Hamburg;20148;Tesdorpfstrasse 8;TMKUNDE1;;;HH;040 227070;;;;;;;;;;D;;;;;00000;0;;;;;;;;;;;;;;;;;;;;;;;;;;;;;;;;;;;;;;;;;TM Inlandskunde DE 1;;;;Hamburg;Tesdorpfstrasse;TMKUNDE1;;;;0003
0010186002;TM Inlandskunde DE 2;Company TM Inlandskunde DE 2/10178 Berlin;TM Inlandskunde DE 2;TM Inlandskunde DE 2;BPINST;20241018;0000027054;;DE811304768;CUST;;;;;;0000000;;;;;;;;;;;;;;;;;;;DE;TM Inlandskunde DE 2;;Berlin;10178;Rosenthaler Str. 30;TMKUNDE2;;;BE;06227 747474;;;;;;;;;;D;;;;;00000;0;;;;;;;;;;;;;;;;;;;;;;;;;;;;;;;;;;;;;;;;;TM Inlandskunde DE 2;;;;Berlin;Rosenthaler Str.;TMKUNDE2;;;;0003
0010186003;Franz Hero;Mr. Franz Hero/20148 Hamburg;Franz Hero;Franz Hero;BPINST;20241018;0000027055;;DE245584140;CUST;;;;;;0000000;;;;;;;;;;;;;;;;;;;DE;Franz Hero;;Hamburg;20148;Tesdorpfstrasse 8;TMKUNDE3;;;HH;040 227070;;;;;;;;X;;D;;;;;00000;0;;;;;;;;;;;;;;;;;;;;;;;;;;;;;;;;;;;;;;;;;Franz Hero;;;;Hamburg;Tesdorpfstrasse;TMKUNDE3;;;;0002
0010186004;Jan Gilg;Mr. Jan Gilg/10178 Berlin;Jan Gilg;Jan Gilg;BPINST;20241018;0000027056;;DE811304768;CUST;;;;;;0000000;;;;;;;;;;;;;;;;;;;DE;Jan Gilg;;Berlin;10178;Rosenthaler Str. 30;TMKUNDE4;;;BE;06227 747474;;;;;;;;X;;D;;;;;00000;0;;;;;;;;;;;;;;;;;;;;;;;;;;;;;;;;;;;;;;;;;Jan Gilg;;;;Berlin;Rosenthaler Str.;TMKUNDE4;;;;0002
0010186005;TM Inlandskunde DE 1;Company TM Inlandskunde DE 1/20148 Hamburg;TM Inlandskunde DE 1;TM Inlandskunde DE 1;BPINST;20241018;0000027057;;DE245584140;CUST;;;;;;0000000;;;;;;;;;;;;;;;;;;;DE;TM Inlandskunde DE 1;;Hamburg;20148;Tesdorpfstrasse 8;TMKUNDE1;;;HH;040 227070;;;;;;;;;;D;;;;;00000;0;;;;;;;;;;;;;;;;;;;;;;;;;;;;;;;;;;;;;;;;;TM Inlandskunde DE 1;;;;Hamburg;Tesdorpfstrasse;TMKUNDE1;;;;0003
0001000569;Performance bike ltd;Company Performance bike ltd/80336;Performance bike ltd;Performance bike ltd;ARIA;20261005;0000027626;;;CUST;;;;;;0000000;;;;;;;;;;;;;;;;;;;DE;Performance bike ltd;;;80336;Strasse QWERTY;;;;09;123-456-789-3;;;;;;;;;;D;;;;;00000;0;;;;;;;;;;;;;;;;;;;;;;;;;;;;;;;;;;;;;;;;;Performance bike ltd;;;;;Strasse QWERTY;;;;;0003
