DELIVERYDOCUMENT;DELIVERYDOCUMENTITEM;SDDOCUMENTCATEGORY;TRANSACTIONCURRENCY;DELIVERYDOCUMENTITEMCATEGORY;SALESDOCUMENTITEMTYPE;CREATEDBYUSER;CREATIONDATE;CREATIONTIME;LASTCHANGEDATE;DISTRIBUTIONCHANNEL;DIVISION;SALESGROUP;SALESOFFICE;DEPARTMENTCLASSIFICATIONBYCUST;MATERIAL;PRODUCT;MATERIALBYCUSTOMER;ORIGINALLYREQUESTEDMATERIAL;INTERNATIONALARTICLENUMBER;BATCH;BATCHCLASSIFICATION;BATCHBYSUPPLIER;MATERIALISINTBATCHMANAGED;MATERIALISBATCHMANAGED;MATERIALGROUP;PRODUCTGROUP;MATERIALFREIGHTGROUP;ADDITIONALMATERIALGROUP1;ADDITIONALMATERIALGROUP2;ADDITIONALMATERIALGROUP3;ADDITIONALMATERIALGROUP4;ADDITIONALMATERIALGROUP5;PLANT;WAREHOUSE;STORAGELOCATION;STORAGEBIN;STORAGETYPE;DELIVERYITEMRESOURCEID;LOADINGPOINTFORDELIVERY;INVENTORYSPECIALSTOCKTYPE;SHELFLIFEEXPIRATIONDATE;NUMBEROFSERIALNUMBERS;PRODUCTCONFIGURATION;PRODUCTHIERARCHYNODE;MANUFACTUREDATE;DELIVERYDOCUMENTITEMTEXT;HIGHERLEVELITEM;HIGHERLVLITMOFBATSPLTITM;ACTUALDELIVERYQUANTITY;QUANTITYISFIXED;ORIGINALDELIVERYQUANTITY;DELIVERYQUANTITYUNIT;ACTUALDELIVEREDQTYINBASEUNIT;BASEUNIT;DELIVERYTOBASEQUANTITYDNMNTR;DELIVERYTOBASEQUANTITYNMRTR;PRODUCTAVAILABILITYDATE;PRODUCTAVAILABILITYTIME;DELIVERYGROUP;ITEMGROSSWEIGHT;ITEMNETWEIGHT;ITEMWEIGHTUNIT;ITEMVOLUME;ITEMVOLUMEUNIT;INSPECTIONLOT;INSPECTIONPARTIALLOT;PARTIALDELIVERYISALLOWED;UNLIMITEDOVERDELIVERYISALLOWED;OVERDELIVTOLRTDLMTRATIOINPCT;UNDERDELIVTOLRTDLMTRATIOINPCT;WAREHOUSESTORAGEBIN;BOMEXPLOSION;CUSTENGINEERINGCHGSTATUS;WAREHOUSESTAGINGAREA;WAREHOUSESTOCKCATEGORY;ISSGORRCVGSTOCKCATEGORY;ISSGORRCVGMATERIAL;ISSUINGORRECEIVINGPLANT;ISSUINGORRECEIVINGSTORAGELOC;ISSGORRCVGBATCH;ISSGORRCVGVALUATIONTYPE;ISSGORRCVGSPCLSTOCKIND;ISSGORRCVGRESOURCEID;PRIMARYPOSTINGSWITCH;STOCKTYPE;ISNOTGOODSMOVEMENTSRELEVANT;GLACCOUNT;GOODSMOVEMENTREASONCODE;SUBSEQUENTMOVEMENTTYPE;ISCOMPLETELYDELIVERED;ALTERNATEPRODUCTNUMBER;CUMULATIVEBATCHQTYINBASEUNIT;PICKINGCONTROL;LOADINGGROUP;GOODSMOVEMENTTYPE;TRANSPORTATIONGROUP;RECEIVINGPOINT;FIXEDSHIPGPROCGDURATIONINDAYS;VARBLSHIPGPROCGDURATIONINDAYS;PROOFOFDELIVERYRELEVANCECODE;ITEMISBILLINGRELEVANT;ITEMBILLINGBLOCKREASON;PAYMENTGUARANTEEFORM;INTERCOMPANYBILLINGSTATUS;BUSINESSAREA;CONTROLLINGAREA;PROFITABILITYSEGMENT;PROFITABILITYSEGMENT_2;PROFITCENTER;INVENTORYVALUATIONTYPE;ISSEPARATEVALUATION;CONSUMPTIONPOSTING;ORDERID;ORDERITEM;COSTCENTER;DELIVERYDOCUMENTITEMBYSUPPLIER;REFERENCESDDOCUMENT;REFERENCESDDOCUMENTITEM;REFERENCESDDOCUMENTCATEGORY;PURCHASEORDER;PURCHASEORDERITEM;REFERENCEDOCUMENTLOGICALSYSTEM;ADDITIONALCUSTOMERGROUP1;ADDITIONALCUSTOMERGROUP2;ADDITIONALCUSTOMERGROUP3;ADDITIONALCUSTOMERGROUP4;ADDITIONALCUSTOMERGROUP5;RETAILPROMOTION;STATISTICSDATE;INTDELIVERYSCHEDULENUMBER;SCHEDULINGAGREEMENTRELEASETYPE;SDPROCESSSTATUS;PICKINGCONFIRMATIONSTATUS;PICKINGSTATUS;WAREHOUSEACTIVITYSTATUS;PACKINGSTATUS;GOODSMOVEMENTSTATUS;DELIVERYRELATEDBILLINGSTATUS;PROOFOFDELIVERYSTATUS;ITEMGENERALINCOMPLETIONSTATUS;ITEMDELIVERYINCOMPLETIONSTATUS;ITEMPICKINGINCOMPLETIONSTATUS;ITEMGDSMVTINCOMPLETIONSTS;ITEMPACKINGINCOMPLETIONSTATUS;ITEMBILLINGINCOMPLETIONSTATUS;EU_DELIVERYITEMARCSTATUS;REQUIREMENTSEGMENT;STOCKSEGMENT;PRODUCTSEASONYEAR;PRODUCTSEASON;PRODUCTCOLLECTION;PRODUCTTHEME;PRODUCTCHARACTERISTIC1;PRODUCTCHARACTERISTIC2;PRODUCTCHARACTERISTIC3;ITEMHASVALUEADDEDSERVICE;VALADDEDSRVCPARENTITMNUMBER;VALADDEDSRVCTRANSACTIONNUMBER;VALADDEDSRVCITEMGROUP;VALADDEDSRVCITEMNUMBER;ORIGINSDDOCUMENT;SDDOCUMENTITEM;SALESSDDOCUMENTCATEGORY;MATERIALTYPEPRIMARY;COSTINDOCUMENTCURRENCY;SUBTOTAL1AMOUNT;SUBTOTAL2AMOUNT;SUBTOTAL3AMOUNT;SUBTOTAL4AMOUNT;SUBTOTAL5AMOUNT;SUBTOTAL6AMOUNT;ORDERDOCUMENT;PLANNINGMATERIAL;PLANNINGPLANT;PRODUCTGROUPBASEUNIT;CONVERSIONFACTOR;ISRETURNSITEM;RETURNSDELIVERYITEMCODE;CONDITIONUNIT;NETPRICEAMOUNT;TOTALNETAMOUNT;QTYINPURCHASEORDERPRICEUNIT;CREDITRELATEDPRICE;CREDITRELATEDPRICEAMOUNT;DELIVERYTOBASEUNITCNVRSNFCTR;FUNCTIONALAREA;RFMRESERVATION;RFMRESERVATIONITEM;RESERVATION;RESERVATIONITEM;RESERVATIONRECORDTYPE;CHMLCMPLNCSTATUS;DANGEROUSGOODSSTATUS;SAFETYDATASHEETSTATUS;TRDCMPLNCEMBARGOSTS;TRDCMPLNCSNCTNDLISTCHKSTS;TRDCMPLNCLEGALCONTROLSTS;HIGHERLEVELITEMUSAGE;FLDLOGSSTATUS;BATCHSEARCHSTRATEGY;VALUECHAININSTANCECHAR32UUID;VALUECHAINCATEGORY;INTCOREFSDDOCUMENTCATEGORY;INTCOREFSDDOCUMENT;INTCOREFSDDOCUMENTITEM;SERVICEDOCUMENTTYPE;SERVICEDOCUMENT;SERVICEDOCUMENTITEM;WBSELEMENTINTERNALID
0080006409;000010;J;USD;TAP;;SAP_SYSTEM;20261001;132044;00000000;10;00;;;;SDBOMLUMFHD;SDBOMLUMFHD;;SDBOMLUMFHD;;;000000000000000000;;;;L001;L001;;;;;;;1710;;;;;;;;00000000;0;000000000000000000;;00000000;SD BOM Header LUMF;000000;000000;0.000;;0.000;ST;0.000;ST;1;1;20261001;132044;001;0.000;0.000;KG;0.000;M3;000000000000;000000;;;0.0;0.0;;;;;;;;;;;;;;;;;;0000;;;;0.000;;0001;;0001;;0.00;0.00;A;A;;;;;A000;0000068129;0000068129;YB700;;;;;0000;;000000;0000004389;000010;C;;00000;;;;;;;;00000000;0000;;A;;;;;;A;A;C;C;C;C;C;C;;;;;;;;;;;;000000;;00000;00000;;000000;;HAWA;0.00;0.00;0.00;0.00;0.00;0.00;0.00;;;;;0;;;;0.00;0.00;0.000;0;0.00;0;;0000000000;0000;0000000000;0000;;;;;;;;;;;;;;;000000;;;000000;00000000
0080006409;000020;J;USD;TAN;;SAP_SYSTEM;20261001;132044;00000000;10;00;;;;SDBOMLUMFIT01;SDBOMLUMFIT01;;SDBOMLUMFIT01;;;000000000000000000;;;;L001;L001;;;;;;;1710;;171A;;;;;;00000000;0;000000000000000000;;00000000;SD BOM LUMF Item01;000010;000000;0.000;;0.000;ST;0.000;ST;1;1;20261001;132044;001;0.000;0.000;KG;0.000;M3;000000000000;000000;;;0.0;0.0;;;;;;;;;;;;;;;;;;0000;;;;0.000;A;0001;601;0001;;0.00;0.00;A;K;;;;;A000;0000068130;0000068130;YB700;;;;;0000;;000000;0000004389;000020;C;;00000;;;;;;;;00000000;0000;;A;;;;;A;A;A;C;C;C;C;C;C;;;;;;;;;;;;000000;;00000;00000;;000000;;HAWA;0.00;0.00;0.00;0.00;0.00;0.00;0.00;;;;;0;;;;0.00;0.00;0.000;0;0.00;0;;0000000000;0000;0000000000;0000;;;;;;;;;;;;;;;000000;;;000000;00000000
0080006409;000030;J;USD;TAN;;SAP_SYSTEM;20261001;132044;00000000;10;00;;;;SDBOMLUMFIT02;SDBOMLUMFIT02;;SDBOMLUMFIT02;;;000000000000000000;;;;L001;L001;;;;;;;1710;;171A;;;;;;00000000;0;000000000000000000;;00000000;SD BOM LUMF Item02;000010;000000;0.000;;0.000;ST;0.000;ST;1;1;20261001;132044;001;0.000;0.000;KG;0.000;M3;000000000000;000000;;;0.0;0.0;;;;;;;;;;;;;;;;;;0000;;;;0.000;A;0001;601;0001;;0.00;0.00;A;K;;;;;A000;0000068131;0000068131;YB700;;;;;0000;;000000;0000004389;000030;C;;00000;;;;;;;;00000000;0000;;A;;;;;A;A;A;C;C;C;C;C;C;;;;;;;;;;;;000000;;00000;00000;;000000;;HAWA;0.00;0.00;0.00;0.00;0.00;0.00;0.00;;;;;0;;;;0.00;0.00;0.000;0;0.00;0;;0000000000;0000;0000000000;0000;;;;;;;;;;;;;;;000000;;;000000;00000000
0080006410;000020;J;USD;SRVU;;SAP_SYSTEM;20261001;132052;00000000;10;00;170;170;;TG11;TG11;;TG11;;;000000000000000000;;;;L001;L001;;;;;;;1710;;171A;;;;;E;00000000;0;000000000000000000;;00000000;Trad.Good 11,PD,Reg.Trading;000000;000000;0.000;;0.000;ST;0.000;ST;1;1;20261001;132052;000;0.000;0.000;KG;0.000;M3;000000000000;000000;;;0.0;0.0;;;;;;;;;;;;;;;;;;0000;;;;0.000;A;0001;631;0001;;0.00;0.00;;L;;;;;A000;0000000000;0000000000;YB700;;;;;0000;;000000;0000005329;000020;C;;00000;;;;;;;;00000000;0000;;A;;;;;A;;;C;C;C;C;C;C;;;;;;;;;;;;000000;;00000;00000;0000005329;000020;;HAWA;0.00;0.00;0.00;0.00;0.00;0.00;0.00;;;;;0;;;;0.00;0.00;0.000;0;0.00;0;;0000000000;0000;0000000000;0000;;;;;;;;;;;;;;;000000;;;000000;00000000
0080006411;000010;J;USD;TAP;;SAP_SYSTEM;20261002;132111;00000000;10;00;;;;SDBOMLUMFHD;SDBOMLUMFHD;;SDBOMLUMFHD;;;000000000000000000;;;;L001;L001;;;;;;;1710;;;;;;;;00000000;0;000000000000000000;;00000000;SD BOM Header LUMF;000000;000000;0.000;;0.000;ST;0.000;ST;1;1;20261002;132111;001;0.000;0.000;KG;0.000;M3;000000000000;000000;;;0.0;0.0;;;;;;;;;;;;;;;;;;0000;;;;0.000;;0001;;0001;;0.00;0.00;A;A;;;;;A000;0000068129;0000068129;YB700;;;;;0000;;000000;0000004389;000010;C;;00000;;;;;;;;00000000;0000;;A;;;;;;A;A;C;C;C;C;C;C;;;;;;;;;;;;000000;;00000;00000;;000000;;HAWA;0.00;0.00;0.00;0.00;0.00;0.00;0.00;;;;;0;;;;0.00;0.00;0.000;0;0.00;0;;0000000000;0000;0000000000;0000;;;;;;;;;;;;;;;000000;;;000000;00000000
0080006411;000020;J;USD;TAN;;SAP_SYSTEM;20261002;132111;00000000;10;00;;;;SDBOMLUMFIT01;SDBOMLUMFIT01;;SDBOMLUMFIT01;;;000000000000000000;;;;L001;L001;;;;;;;1710;;171A;;;;;;00000000;0;000000000000000000;;00000000;SD BOM LUMF Item01;000010;000000;0.000;;0.000;ST;0.000;ST;1;1;20261002;132111;001;0.000;0.000;KG;0.000;M3;000000000000;000000;;;0.0;0.0;;;;;;;;;;;;;;;;;;0000;;;;0.000;A;0001;601;0001;;0.00;0.00;A;K;;;;;A000;0000068130;0000068130;YB700;;;;;0000;;000000;0000004389;000020;C;;00000;;;;;;;;00000000;0000;;A;;;;;A;A;A;C;C;C;C;C;C;;;;;;;;;;;;000000;;00000;00000;;000000;;HAWA;0.00;0.00;0.00;0.00;0.00;0.00;0.00;;;;;0;;;;0.00;0.00;0.000;0;0.00;0;;0000000000;0000;0000000000;0000;;;;;;;;;;;;;;;000000;;;000000;00000000
0080006411;000030;J;USD;TAN;;SAP_SYSTEM;20261002;132111;00000000;10;00;;;;SDBOMLUMFIT02;SDBOMLUMFIT02;;SDBOMLUMFIT02;;;000000000000000000;;;;L001;L001;;;;;;;1710;;171A;;;;;;00000000;0;000000000000000000;;00000000;SD BOM LUMF Item02;000010;000000;0.000;;0.000;ST;0.000;ST;1;1;20261002;132111;001;0.000;0.000;KG;0.000;M3;000000000000;000000;;;0.0;0.0;;;;;;;;;;;;;;;;;;0000;;;;0.000;A;0001;601;0001;;0.00;0.00;A;K;;;;;A000;0000068131;0000068131;YB700;;;;;0000;;000000;0000004389;000030;C;;00000;;;;;;;;00000000;0000;;A;;;;;A;A;A;C;C;C;C;C;C;;;;;;;;;;;;000000;;00000;00000;;000000;;HAWA;0.00;0.00;0.00;0.00;0.00;0.00;0.00;;;;;0;;;;0.00;0.00;0.000;0;0.00;0;;0000000000;0000;0000000000;0000;;;;;;;;;;;;;;;000000;;;000000;00000000
0080006412;000020;J;USD;SRVU;;SAP_SYSTEM;20261002;132118;00000000;10;00;170;170;;TG11;TG11;;TG11;;;000000000000000000;;;;L001;L001;;;;;;;1710;;171A;;;;;E;00000000;0;000000000000000000;;00000000;Trad.Good 11,PD,Reg.Trading;000000;000000;0.000;;0.000;ST;0.000;ST;1;1;20261002;132118;000;0.000;0.000;KG;0.000;M3;000000000000;000000;;;0.0;0.0;;;;;;;;;;;;;;;;;;0000;;;;0.000;A;0001;631;0001;;0.00;0.00;;L;;;;;A000;0000000000;0000000000;YB700;;;;;0000;;000000;0000005329;000020;C;;00000;;;;;;;;00000000;0000;;A;;;;;A;;;C;C;C;C;C;C;;;;;;;;;;;;000000;;00000;00000;0000005329;000020;;HAWA;0.00;0.00;0.00;0.00;0.00;0.00;0.00;;;;;0;;;;0.00;0.00;0.000;0;0.00;0;;0000000000;0000;0000000000;0000;;;;;;;;;;;;;;;000000;;;000000;00000000
0080006413;000010;J;USD;TAP;;SAP_SYSTEM;20261003;170106;00000000;10;00;;;;SDBOMLUMFHD;SDBOMLUMFHD;;SDBOMLUMFHD;;;000000000000000000;;;;L001;L001;;;;;;;1710;;;;;;;;00000000;0;000000000000000000;;00000000;SD BOM Header LUMF;000000;000000;0.000;;0.000;ST;0.000;ST;1;1;20261003;170106;001;0.000;0.000;KG;0.000;M3;000000000000;000000;;;0.0;0.0;;;;;;;;;;;;;;;;;;0000;;;;0.000;;0001;;0001;;0.00;0.00;A;A;;;;;A000;0000068129;0000068129;YB700;;;;;0000;;000000;0000004389;000010;C;;00000;;;;;;;;00000000;0000;;A;;;;;;A;A;C;C;C;C;C;C;;;;;;;;;;;;000000;;00000;00000;;000000;;HAWA;0.00;0.00;0.00;0.00;0.00;0.00;0.00;;;;;0;;;;0.00;0.00;0.000;0;0.00;0;;0000000000;0000;0000000000;0000;;;;;;;;;;;;;;;000000;;;000000;00000000
0080006413;000020;J;USD;TAN;;SAP_SYSTEM;20261003;170106;00000000;10;00;;;;SDBOMLUMFIT01;SDBOMLUMFIT01;;SDBOMLUMFIT01;;;000000000000000000;;;;L001;L001;;;;;;;1710;;171A;;;;;;00000000;0;000000000000000000;;00000000;SD BOM LUMF Item01;000010;000000;0.000;;0.000;ST;0.000;ST;1;1;20261003;170106;001;0.000;0.000;KG;0.000;M3;000000000000;000000;;;0.0;0.0;;;;;;;;;;;;;;;;;;0000;;;;0.000;A;0001;601;0001;;0.00;0.00;A;K;;;;;A000;0000068130;0000068130;YB700;;;;;0000;;000000;0000004389;000020;C;;00000;;;;;;;;00000000;0000;;A;;;;;A;A;A;C;C;C;C;C;C;;;;;;;;;;;;000000;;00000;00000;;000000;;HAWA;0.00;0.00;0.00;0.00;0.00;0.00;0.00;;;;;0;;;;0.00;0.00;0.000;0;0.00;0;;0000000000;0000;0000000000;0000;;;;;;;;;;;;;;;000000;;;000000;00000000
0080006413;000030;J;USD;TAN;;SAP_SYSTEM;20261003;170106;00000000;10;00;;;;SDBOMLUMFIT02;SDBOMLUMFIT02;;SDBOMLUMFIT02;;;000000000000000000;;;;L001;L001;;;;;;;1710;;171A;;;;;;00000000;0;000000000000000000;;00000000;SD BOM LUMF Item02;000010;000000;0.000;;0.000;ST;0.000;ST;1;1;20261003;170106;001;0.000;0.000;KG;0.000;M3;000000000000;000000;;;0.0;0.0;;;;;;;;;;;;;;;;;;0000;;;;0.000;A;0001;601;0001;;0.00;0.00;A;K;;;;;A000;0000068131;0000068131;YB700;;;;;0000;;000000;0000004389;000030;C;;00000;;;;;;;;00000000;0000;;A;;;;;A;A;A;C;C;C;C;C;C;;;;;;;;;;;;000000;;00000;00000;;000000;;HAWA;0.00;0.00;0.00;0.00;0.00;0.00;0.00;;;;;0;;;;0.00;0.00;0.000;0;0.00;0;;0000000000;0000;0000000000;0000;;;;;;;;;;;;;;;000000;;;000000;00000000
0080006414;000020;J;USD;SRVU;;SAP_SYSTEM;20261003;170150;00000000;10;00;170;170;;TG11;TG11;;TG11;;;000000000000000000;;;;L001;L001;;;;;;;1710;;171A;;;;;E;00000000;0;000000000000000000;;00000000;Trad.Good 11,PD,Reg.Trading;000000;000000;0.000;;0.000;ST;0.000;ST;1;1;20261003;170150;000;0.000;0.000;KG;0.000;M3;000000000000;000000;;;0.0;0.0;;;;;;;;;;;;;;;;;;0000;;;;0.000;A;0001;631;0001;;0.00;0.00;;L;;;;;A000;0000000000;0000000000;YB700;;;;;0000;;000000;0000005329;000020;C;;00000;;;;;;;;00000000;0000;;A;;;;;A;;;C;C;C;C;C;C;;;;;;;;;;;;000000;;00000;00000;0000005329;000020;;HAWA;0.00;0.00;0.00;0.00;0.00;0.00;0.00;;;;;0;;;;0.00;0.00;0.000;0;0.00;0;;0000000000;0000;0000000000;0000;;;;;;;;;;;;;;;000000;;;000000;00000000
0080006415;000010;J;USD;TAP;;SAP_SYSTEM;20261005;074427;00000000;10;00;;;;SDBOMLUMFHD;SDBOMLUMFHD;;SDBOMLUMFHD;;;000000000000000000;;;;L001;L001;;;;;;;1710;;;;;;;;00000000;0;000000000000000000;;00000000;SD BOM Header LUMF;000000;000000;0.000;;0.000;ST;0.000;ST;1;1;20261005;074427;001;0.000;0.000;KG;0.000;M3;000000000000;000000;;;0.0;0.0;;;;;;;;;;;;;;;;;;0000;;;;0.000;;0001;;0001;;0.00;0.00;A;A;;;;;A000;0000068129;0000068129;YB700;;;;;0000;;000000;0000004389;000010;C;;00000;;;;;;;;00000000;0000;;A;;;;;;A;A;C;C;C;C;C;C;;;;;;;;;;;;000000;;00000;00000;;000000;;HAWA;0.00;0.00;0.00;0.00;0.00;0.00;0.00;;;;;0;;;;0.00;0.00;0.000;0;0.00;0;;0000000000;0000;0000000000;0000;;;;;;;;;;;;;;;000000;;;000000;00000000
0080006415;000020;J;USD;TAN;;SAP_SYSTEM;20261005;074427;00000000;10;00;;;;SDBOMLUMFIT01;SDBOMLUMFIT01;;SDBOMLUMFIT01;;;000000000000000000;;;;L001;L001;;;;;;;1710;;171A;;;;;;00000000;0;000000000000000000;;00000000;SD BOM LUMF Item01;000010;000000;0.000;;0.000;ST;0.000;ST;1;1;20261005;074427;001;0.000;0.000;KG;0.000;M3;000000000000;000000;;;0.0;0.0;;;;;;;;;;;;;;;;;;0000;;;;0.000;A;0001;601;0001;;0.00;0.00;A;K;;;;;A000;0000068130;0000068130;YB700;;;;;0000;;000000;0000004389;000020;C;;00000;;;;;;;;00000000;0000;;A;;;;;A;A;A;C;C;C;C;C;C;;;;;;;;;;;;000000;;00000;00000;;000000;;HAWA;0.00;0.00;0.00;0.00;0.00;0.00;0.00;;;;;0;;;;0.00;0.00;0.000;0;0.00;0;;0000000000;0000;0000000000;0000;;;;;;;;;;;;;;;000000;;;000000;00000000
0080006415;000030;J;USD;TAN;;SAP_SYSTEM;20261005;074427;00000000;10;00;;;;SDBOMLUMFIT02;SDBOMLUMFIT02;;SDBOMLUMFIT02;;;000000000000000000;;;;L001;L001;;;;;;;1710;;171A;;;;;;00000000;0;000000000000000000;;00000000;SD BOM LUMF Item02;000010;000000;0.000;;0.000;ST;0.000;ST;1;1;20261005;074427;001;0.000;0.000;KG;0.000;M3;000000000000;000000;;;0.0;0.0;;;;;;;;;;;;;;;;;;0000;;;;0.000;A;0001;601;0001;;0.00;0.00;A;K;;;;;A000;0000068131;0000068131;YB700;;;;;0000;;000000;0000004389;000030;C;;00000;;;;;;;;00000000;0000;;A;;;;;A;A;A;C;C;C;C;C;C;;;;;;;;;;;;000000;;00000;00000;;000000;;HAWA;0.00;0.00;0.00;0.00;0.00;0.00;0.00;;;;;0;;;;0.00;0.00;0.000;0;0.00;0;;0000000000;0000;0000000000;0000;;;;;;;;;;;;;;;000000;;;000000;00000000
0080006416;000020;J;USD;SRVU;;SAP_SYSTEM;20261005;074448;00000000;10;00;170;170;;TG11;TG11;;TG11;;;000000000000000000;;;;L001;L001;;;;;;;1710;;171A;;;;;E;00000000;0;000000000000000000;;00000000;Trad.Good 11,PD,Reg.Trading;000000;000000;0.000;;0.000;ST;0.000;ST;1;1;20261005;074448;000;0.000;0.000;KG;0.000;M3;000000000000;000000;;;0.0;0.0;;;;;;;;;;;;;;;;;;0000;;;;0.000;A;0001;631;0001;;0.00;0.00;;L;;;;;A000;0000000000;0000000000;YB700;;;;;0000;;000000;0000005329;000020;C;;00000;;;;;;;;00000000;0000;;A;;;;;A;;;C;C;C;C;C;C;;;;;;;;;;;;000000;;00000;00000;0000005329;000020;;HAWA;0.00;0.00;0.00;0.00;0.00;0.00;0.00;;;;;0;;;;0.00;0.00;0.000;0;0.00;0;;0000000000;0000;0000000000;0000;;;;;;;;;;;;;;;000000;;;000000;00000000
0080006417;000020;J;USD;SRVU;;ARIA;20261005;104813;00000000;10;00;170;170;;TG11;TG11;;TG11;;;000000000000000000;;;;L001;L001;;;;;;;1710;;171A;;;;;E;00000000;0;000000000000000000;;00000000;Trad.Good 11,PD,Reg.Trading;000000;000000;3.000;;3.000;ST;3.000;ST;1;1;20261005;104813;000;57.000;48.600;KG;0.540;M3;000000000000;000000;;;0.0;0.0;;;;;;;;;;;;;;;;;;0000;;;;0.000;A;0001;631;0001;;0.00;0.00;;L;;;;;A000;0000000000;;YB700;;;;;0000;;000000;0000006319;000020;C;;00000;;;;;;;;00000000;0000;;C;;C;;;C;;;C;C;C;C;C;C;;;;;;;;;;;;000000;;00000;00000;0000006319;000020;;HAWA;0.00;0.00;0.00;0.00;0.00;0.00;0.00;;;;;0;;;;0.00;0.00;0.000;0;0.00;0;;0000000000;0000;0000000000;0000;;;;;;;;;;;;;;;000000;;;000000;00000000
0080006418;000010;J;USD;TAN;;ARIA;20261005;111149;20261005;10;00;;;;MZ-TG-Y240;MZ-TG-Y240;;MZ-TG-Y240;;;000000000000000000;;;;ZYOUTH;ZYOUTH;;;;;;;1710;;171A;;;;;;00000000;0;000000000000000000;;00000000;Y240 Bike;000000;000000;20.000;;20.000;ST;20.000;ST;1;1;20261005;111149;000;20.000;18.000;G;0.000;;000000000000;000000;;;0.0;0.0;;;;;;;;;;;;;;;;;;0000;;;;0.000;A;0001;601;;;0.00;0.00;;K;;;;;A000;0000104906;0000104906;US10_TGY1;;;;;0000;;000000;0000006320;000010;C;;00000;;;;;;;;00000000;0000;;C;;C;;;C;C;;C;C;C;C;C;C;;;;;;;;;;;;000000;;00000;00000;;000000;;HAWA;0.00;0.00;0.00;0.00;0.00;0.00;0.00;;;;;0;;;;0.00;0.00;0.000;0;0.00;0;;0000000000;0000;0000000000;0000;;;;;;;;;;;;;;;000000;;;000000;00000000
0080006418;000020;J;USD;TAN;;ARIA;20261005;111149;20261005;10;00;;;;MZ-TG-Y200;MZ-TG-Y200;;MZ-TG-Y200;;;000000000000000000;;;;ZYOUTH;ZYOUTH;;;;;;;1710;;171A;;;;;;00000000;0;000000000000000000;;00000000;Y200 Bike;000000;000000;5.000;;5.000;ST;5.000;ST;1;1;20261005;111149;000;5.000;4.500;G;0.000;;000000000000;000000;;;0.0;0.0;;;;;;;;;;;;;;;;;;0000;;;;0.000;A;0001;601;;;0.00;0.00;;K;;;;;A000;0000104927;0000104927;US10_TGY1;;;;;0000;;000000;0000006320;000020;C;;00000;;;;;;;;00000000;0000;;C;;C;;;C;C;;C;C;C;C;C;C;;;;;;;;;;;;000000;;00000;00000;;000000;;HAWA;0.00;0.00;0.00;0.00;0.00;0.00;0.00;;;;;0;;;;0.00;0.00;0.000;0;0.00;0;;0000000000;0000;0000000000;0000;;;;;;;;;;;;;;;000000;;;000000;00000000
0080006419;000010;J;USD;TAP;;SAP_SYSTEM;20261005;132030;00000000;10;00;;;;SDBOMLUMFHD;SDBOMLUMFHD;;SDBOMLUMFHD;;;000000000000000000;;;;L001;L001;;;;;;;1710;;;;;;;;00000000;0;000000000000000000;;00000000;SD BOM Header LUMF;000000;000000;0.000;;0.000;ST;0.000;ST;1;1;20261005;132030;001;0.000;0.000;KG;0.000;M3;000000000000;000000;;;0.0;0.0;;;;;;;;;;;;;;;;;;0000;;;;0.000;;0001;;0001;;0.00;0.00;A;A;;;;;A000;0000068129;0000068129;YB700;;;;;0000;;000000;0000004389;000010;C;;00000;;;;;;;;00000000;0000;;A;;;;;;A;A;C;C;C;C;C;C;;;;;;;;;;;;000000;;00000;00000;;000000;;HAWA;0.00;0.00;0.00;0.00;0.00;0.00;0.00;;;;;0;;;;0.00;0.00;0.000;0;0.00;0;;0000000000;0000;0000000000;0000;;;;;;;;;;;;;;;000000;;;000000;00000000
0080006419;000020;J;USD;TAN;;SAP_SYSTEM;20261005;132030;00000000;10;00;;;;SDBOMLUMFIT01;SDBOMLUMFIT01;;SDBOMLUMFIT01;;;000000000000000000;;;;L001;L001;;;;;;;1710;;171A;;;;;;00000000;0;000000000000000000;;00000000;SD BOM LUMF Item01;000010;000000;0.000;;0.000;ST;0.000;ST;1;1;20261005;132030;001;0.000;0.000;KG;0.000;M3;000000000000;000000;;;0.0;0.0;;;;;;;;;;;;;;;;;;0000;;;;0.000;A;0001;601;0001;;0.00;0.00;A;K;;;;;A000;0000068130;0000068130;YB700;;;;;0000;;000000;0000004389;000020;C;;00000;;;;;;;;00000000;0000;;A;;;;;A;A;A;C;C;C;C;C;C;;;;;;;;;;;;000000;;00000;00000;;000000;;HAWA;0.00;0.00;0.00;0.00;0.00;0.00;0.00;;;;;0;;;;0.00;0.00;0.000;0;0.00;0;;0000000000;0000;0000000000;0000;;;;;;;;;;;;;;;000000;;;000000;00000000
0080006419;000030;J;USD;TAN;;SAP_SYSTEM;20261005;132030;00000000;10;00;;;;SDBOMLUMFIT02;SDBOMLUMFIT02;;SDBOMLUMFIT02;;;000000000000000000;;;;L001;L001;;;;;;;1710;;171A;;;;;;00000000;0;000000000000000000;;00000000;SD BOM LUMF Item02;000010;000000;0.000;;0.000;ST;0.000;ST;1;1;20261005;132030;001;0.000;0.000;KG;0.000;M3;000000000000;000000;;;0.0;0.0;;;;;;;;;;;;;;;;;;0000;;;;0.000;A;0001;601;0001;;0.00;0.00;A;K;;;;;A000;0000068131;0000068131;YB700;;;;;0000;;000000;0000004389;000030;C;;00000;;;;;;;;00000000;0000;;A;;;;;A;A;A;C;C;C;C;C;C;;;;;;;;;;;;000000;;00000;00000;;000000;;HAWA;0.00;0.00;0.00;0.00;0.00;0.00;0.00;;;;;0;;;;0.00;0.00;0.000;0;0.00;0;;0000000000;0000;0000000000;0000;;;;;;;;;;;;;;;000000;;;000000;00000000
0080006420;000050;J;USD;TAN;;SAP_SYSTEM;20261005;132032;00000000;10;00;;;;MZ-TG-Y240;MZ-TG-Y240;;MZ-TG-Y240;;;000000000000000000;;;;ZYOUTH;ZYOUTH;;;;;;;1710;;171A;;;;;;00000000;0;000000000000000000;;00000000;Y240 Bike;000000;000000;12.000;;12.000;ST;12.000;ST;1;1;20261005;132032;000;12.000;10.800;G;0.000;;000000000000;000000;;;0.0;0.0;;;;;;;;;;;;;;;;;;0000;;;;0.000;A;0001;601;;;0.00;0.00;;K;;;;;A000;0000104906;0000104906;US10_TGY1;;;;;0000;;000000;0000006320;000010;C;;00000;;;;;;;;00000000;0000;;A;;A;;;A;A;;C;C;C;C;C;C;;;;;;;;;;;;000000;;00000;00000;;000000;;HAWA;0.00;0.00;0.00;0.00;0.00;0.00;0.00;;;;;0;;;;0.00;0.00;0.000;0;0.00;0;;0000000000;0000;0000000000;0000;;;;;;;;;;;;;;;000000;;;000000;00000000
0080006420;000060;J;USD;TAN;;SAP_SYSTEM;20261005;132032;00000000;10;00;;;;MZ-TG-Y200;MZ-TG-Y200;;MZ-TG-Y200;;;000000000000000000;;;;ZYOUTH;ZYOUTH;;;;;;;1710;;171A;;;;;;00000000;0;000000000000000000;;00000000;Y200 Bike;000000;000000;5.000;;5.000;ST;5.000;ST;1;1;20261005;132032;000;5.000;4.500;G;0.000;;000000000000;000000;;;0.0;0.0;;;;;;;;;;;;;;;;;;0000;;;;0.000;A;0001;601;;;0.00;0.00;;K;;;;;A000;0000104927;0000104927;US10_TGY1;;;;;0000;;000000;0000006320;000020;C;;00000;;;;;;;;00000000;0000;;A;;A;;;A;A;;C;C;C;C;C;C;;;;;;;;;;;;000000;;00000;00000;;000000;;HAWA;0.00;0.00;0.00;0.00;0.00;0.00;0.00;;;;;0;;;;0.00;0.00;0.000;0;0.00;0;;0000000000;0000;0000000000;0000;;;;;;;;;;;;;;;000000;;;000000;00000000
0080006421;000020;J;USD;SRVU;;SAP_SYSTEM;20261005;132037;00000000;10;00;170;170;;TG11;TG11;;TG11;;;000000000000000000;;;;L001;L001;;;;;;;1710;;171A;;;;;E;00000000;0;000000000000000000;;00000000;Trad.Good 11,PD,Reg.Trading;000000;000000;0.000;;0.000;ST;0.000;ST;1;1;20261005;132037;000;0.000;0.000;KG;0.000;M3;000000000000;000000;;;0.0;0.0;;;;;;;;;;;;;;;;;;0000;;;;0.000;A;0001;631;0001;;0.00;0.00;;L;;;;;A000;0000000000;0000000000;YB700;;;;;0000;;000000;0000005329;000020;C;;00000;;;;;;;;00000000;0000;;A;;;;;A;;;C;C;C;C;C;C;;;;;;;;;;;;000000;;00000;00000;0000005329;000020;;HAWA;0.00;0.00;0.00;0.00;0.00;0.00;0.00;;;;;0;;;;0.00;0.00;0.000;0;0.00;0;;0000000000;0000;0000000000;0000;;;;;;;;;;;;;;;000000;;;000000;00000000
0080006422;000010;J;USD;SRVS;;SAP_SYSTEM;20261005;132038;00000000;10;00;170;170;;TG11;TG11;;TG11;;;000000000000000000;;;;L001;L001;;;;;;;1710;;171A;;;;;;00000000;0;000000000000000000;;00000000;Trad.Good 11,PD,Reg.Trading;000000;000000;3.000;;3.000;ST;3.000;ST;1;1;20261007;000000;000;57.000;48.600;KG;0.540;M3;000000000000;000000;;;0.0;0.0;;;;;;;;;;;;;;;;;;0000;;;;0.000;A;0001;601;0001;;0.00;0.00;;B;;;;;A000;0000104903;0000104903;YB700;;;;;0000;;000000;0000006319;000010;C;;00000;;;;;;;;00000000;0000;;A;;A;;;A;;;C;C;C;C;C;C;;;;;;;;;;;;000000;;00000;00000;;000000;;HAWA;0.00;0.00;0.00;0.00;0.00;0.00;0.00;;;;;0;;;;0.00;0.00;0.000;0;0.00;0;;0000000000;0000;0000000000;0000;;;;;;;;;;;;;;;000000;;;000000;00000000
0080006423;000010;J;USD;TAN;;ARIA;20261005;135011;00000000;10;00;;;;MZ-TG-Y240;MZ-TG-Y240;;MZ-TG-Y240;;;000000000000000000;;;;ZYOUTH;ZYOUTH;;;;;;;1710;;171A;;;;;;00000000;0;000000000000000000;;00000000;Y240 Bike;000000;000000;15.000;;15.000;ST;15.000;ST;1;1;20261005;135011;000;15.000;13.500;G;0.000;;000000000000;000000;;;0.0;0.0;;;;;;;;;;;;;;;;;;0000;;;;0.000;A;0001;601;;;0.00;0.00;;K;;;;;A000;0000104939;0000104939;US10_TGY1;;;;;0000;;000000;0000006321;000010;C;;00000;;;;;;;;00000000;0000;;C;;C;;;C;C;;C;C;C;C;C;C;;;;;;;;;;;;000000;;00000;00000;;000000;;HAWA;0.00;0.00;0.00;0.00;0.00;0.00;0.00;;;;;0;;;;0.00;0.00;0.000;0;0.00;0;;0000000000;0000;0000000000;0000;;;;;;;;;;;;;;;000000;;;000000;00000000
0080006423;000020;J;USD;TAN;;ARIA;20261005;135011;00000000;10;00;;;;MZ-TG-Y200;MZ-TG-Y200;;MZ-TG-Y200;;;000000000000000000;;;;ZYOUTH;ZYOUTH;;;;;;;1710;;171A;;;;;;00000000;0;000000000000000000;;00000000;Y200 Bike;000000;000000;7.000;;7.000;ST;7.000;ST;1;1;20261005;135011;000;7.000;6.300;G;0.000;;000000000000;000000;;;0.0;0.0;;;;;;;;;;;;;;;;;;0000;;;;0.000;A;0001;601;;;0.00;0.00;;K;;;;;A000;0000104938;0000104938;US10_TGY1;;;;;0000;;000000;0000006321;000020;C;;00000;;;;;;;;00000000;0000;;C;;C;;;C;C;;C;C;C;C;C;C;;;;;;;;;;;;000000;;00000;00000;;000000;;HAWA;0.00;0.00;0.00;0.00;0.00;0.00;0.00;;;;;0;;;;0.00;0.00;0.000;0;0.00;0;;0000000000;0000;0000000000;0000;;;;;;;;;;;;;;;000000;;;000000;00000000
0080006424;000010;J;USD;TAP;;SAP_SYSTEM;20261006;132059;00000000;10;00;;;;SDBOMLUMFHD;SDBOMLUMFHD;;SDBOMLUMFHD;;;000000000000000000;;;;L001;L001;;;;;;;1710;;;;;;;;00000000;0;000000000000000000;;00000000;SD BOM Header LUMF;000000;000000;0.000;;0.000;ST;0.000;ST;1;1;20261006;132059;001;0.000;0.000;KG;0.000;M3;000000000000;000000;;;0.0;0.0;;;;;;;;;;;;;;;;;;0000;;;;0.000;;0001;;0001;;0.00;0.00;A;A;;;;;A000;0000068129;0000068129;YB700;;;;;0000;;000000;0000004389;000010;C;;00000;;;;;;;;00000000;0000;;A;;;;;;A;A;C;C;C;C;C;C;;;;;;;;;;;;000000;;00000;00000;;000000;;HAWA;0.00;0.00;0.00;0.00;0.00;0.00;0.00;;;;;0;;;;0.00;0.00;0.000;0;0.00;0;;0000000000;0000;0000000000;0000;;;;;;;;;;;;;;;000000;;;000000;00000000
0080006424;000020;J;USD;TAN;;SAP_SYSTEM;20261006;132059;00000000;10;00;;;;SDBOMLUMFIT01;SDBOMLUMFIT01;;SDBOMLUMFIT01;;;000000000000000000;;;;L001;L001;;;;;;;1710;;171A;;;;;;00000000;0;000000000000000000;;00000000;SD BOM LUMF Item01;000010;000000;0.000;;0.000;ST;0.000;ST;1;1;20261006;132059;001;0.000;0.000;KG;0.000;M3;000000000000;000000;;;0.0;0.0;;;;;;;;;;;;;;;;;;0000;;;;0.000;A;0001;601;0001;;0.00;0.00;A;K;;;;;A000;0000068130;0000068130;YB700;;;;;0000;;000000;0000004389;000020;C;;00000;;;;;;;;00000000;0000;;A;;;;;A;A;A;C;C;C;C;C;C;;;;;;;;;;;;000000;;00000;00000;;000000;;HAWA;0.00;0.00;0.00;0.00;0.00;0.00;0.00;;;;;0;;;;0.00;0.00;0.000;0;0.00;0;;0000000000;0000;0000000000;0000;;;;;;;;;;;;;;;000000;;;000000;00000000
0080006424;000030;J;USD;TAN;;SAP_SYSTEM;20261006;132059;00000000;10;00;;;;SDBOMLUMFIT02;SDBOMLUMFIT02;;SDBOMLUMFIT02;;;000000000000000000;;;;L001;L001;;;;;;;1710;;171A;;;;;;00000000;0;000000000000000000;;00000000;SD BOM LUMF Item02;000010;000000;0.000;;0.000;ST;0.000;ST;1;1;20261006;132059;001;0.000;0.000;KG;0.000;M3;000000000000;000000;;;0.0;0.0;;;;;;;;;;;;;;;;;;0000;;;;0.000;A;0001;601;0001;;0.00;0.00;A;K;;;;;A000;0000068131;0000068131;YB700;;;;;0000;;000000;0000004389;000030;C;;00000;;;;;;;;00000000;0000;;A;;;;;A;A;A;C;C;C;C;C;C;;;;;;;;;;;;000000;;00000;00000;;000000;;HAWA;0.00;0.00;0.00;0.00;0.00;0.00;0.00;;;;;0;;;;0.00;0.00;0.000;0;0.00;0;;0000000000;0000;0000000000;0000;;;;;;;;;;;;;;;000000;;;000000;00000000
0080006425;000020;J;USD;SRVU;;SAP_SYSTEM;20261006;132107;00000000;10;00;170;170;;TG11;TG11;;TG11;;;000000000000000000;;;;L001;L001;;;;;;;1710;;171A;;;;;E;00000000;0;000000000000000000;;00000000;Trad.Good 11,PD,Reg.Trading;000000;000000;0.000;;0.000;ST;0.000;ST;1;1;20261006;132107;000;0.000;0.000;KG;0.000;M3;000000000000;000000;;;0.0;0.0;;;;;;;;;;;;;;;;;;0000;;;;0.000;A;0001;631;0001;;0.00;0.00;;L;;;;;A000;0000000000;0000000000;YB700;;;;;0000;;000000;0000005329;000020;C;;00000;;;;;;;;00000000;0000;;A;;;;;A;;;C;C;C;C;C;C;;;;;;;;;;;;000000;;00000;00000;0000005329;000020;;HAWA;0.00;0.00;0.00;0.00;0.00;0.00;0.00;;;;;0;;;;0.00;0.00;0.000;0;0.00;0;;0000000000;0000;0000000000;0000;;;;;;;;;;;;;;;000000;;;000000;00000000
0080006426;000010;J;USD;TAN;;SAP_SYSTEM;20261006;132109;00000000;10;00;;;;MZ-TG-Y240;MZ-TG-Y240;;MZ-TG-Y240;;;000000000000000000;;;;ZYOUTH;ZYOUTH;;;;;;;1710;;171A;;;;;;00000000;0;000000000000000000;;00000000;Y240 Bike;000000;000000;61.000;;61.000;ST;61.000;ST;1;1;20261006;132109;000;61.000;54.900;G;0.000;;000000000000;000000;;;0.0;0.0;;;;;;;;;;;;;;;;;;0000;;;;0.000;A;0001;601;;;0.00;0.00;;K;;;;;A000;0000104939;0000104939;US10_TGY1;;;;;0000;;000000;0000006321;000010;C;;00000;;;;;;;;00000000;0000;;A;;A;;;A;A;;C;C;C;C;C;C;;;;;;;;;;;;000000;;00000;00000;;000000;;HAWA;0.00;0.00;0.00;0.00;0.00;0.00;0.00;;;;;0;;;;0.00;0.00;0.000;0;0.00;0;;0000000000;0000;0000000000;0000;;;;;;;;;;;;;;;000000;;;000000;00000000
0080006426;000020;J;USD;TAN;;SAP_SYSTEM;20261006;132109;00000000;10;00;;;;MZ-TG-Y200;MZ-TG-Y200;;MZ-TG-Y200;;;000000000000000000;;;;ZYOUTH;ZYOUTH;;;;;;;1710;;171A;;;;;;00000000;0;000000000000000000;;00000000;Y200 Bike;000000;000000;15.000;;15.000;ST;15.000;ST;1;1;20261006;132109;000;15.000;13.500;G;0.000;;000000000000;000000;;;0.0;0.0;;;;;;;;;;;;;;;;;;0000;;;;0.000;A;0001;601;;;0.00;0.00;;K;;;;;A000;0000104938;0000104938;US10_TGY1;;;;;0000;;000000;0000006321;000020;C;;00000;;;;;;;;00000000;0000;;A;;A;;;A;A;;C;C;C;C;C;C;;;;;;;;;;;;000000;;00000;00000;;000000;;HAWA;0.00;0.00;0.00;0.00;0.00;0.00;0.00;;;;;0;;;;0.00;0.00;0.000;0;0.00;0;;0000000000;0000;0000000000;0000;;;;;;;;;;;;;;;000000;;;000000;00000000
