DELIVERYDOCUMENT;SDDOCUMENTCATEGORY;DELIVERYDOCUMENTTYPE;CREATEDBYUSER;CREATIONDATE;CREATIONTIME;LASTCHANGEDBYUSER;LASTCHANGEDATE;SHIPPINGPOINT;SALESORGANIZATION;SALESOFFICE;COMPLETEDELIVERYISDEFINED;ORDERCOMBINATIONISALLOWED;DELIVERYPRIORITY;DELIVERYBLOCKREASON;SUPPLIER;DELIVERYDOCUMENTBYSUPPLIER;DELIVERYISINPLANT;RECEIVINGPLANT;WAREHOUSE;ISEXPORTDELIVERY;ORDERID;HEADERGROSSWEIGHT;HEADERNETWEIGHT;HEADERWEIGHTUNIT;HEADERVOLUME;HEADERVOLUMEUNIT;ISDELIVERYFORSINGLEWAREHOUSE;GOODSISSUEORRECEIPTSLIPNUMBER;WAREHOUSEGATE;WAREHOUSESTAGINGAREA;MEANSOFTRANSPORTREFMATERIAL;SPECIALPROCESSINGCODE;EXTERNALIDENTIFICATIONTYPE;DELIVERYVERSION;PICKEDITEMSLOCATION;DOCUMENTDATE;DELIVCOMPGRPSTS;PICKINGDATE;PICKINGTIME;TOTALNUMBEROFPACKAGE;LOADINGPOINT;LOADINGDATE;LOADINGTIME;BILLOFLADING;HANDLINGUNITINSTOCK;SHIPTOPARTY;SHIPPINGTYPE;DELIVERYDATE;DELIVERYTIME;SHIPPINGCONDITION;SHIPMENTBLOCKREASON;TRANSPORTATIONPLANNINGDATE;TRANSPORTATIONPLANNINGTIME;PROPOSEDDELIVERYROUTE;ACTUALDELIVERYROUTE;ROUTESCHEDULE;PLANNEDGOODSISSUEDATE;GOODSISSUETIME;ACTUALGOODSMOVEMENTDATE;ACTUALGOODSMOVEMENTTIME;INCOTERMSVERSION;INCOTERMSCLASSIFICATION;INCOTERMSTRANSFERLOCATION;INCOTERMSLOCATION1;INCOTERMSLOCATION2;EXTERNALTRANSPORTSYSTEM;TRANSPORTATIONGROUP;MEANSOFTRANSPORT;MEANSOFTRANSPORTTYPE;UNLOADINGPOINTNAME;PROOFOFDELIVERYDATE;CONFIRMATIONTIME;FACTORYCALENDARBYCUSTOMER;SHIPPINGLOCATIONTIMEZONE;RECEIVINGLOCATIONTIMEZONE;INTERCOMPANYBILLINGDATE;BILLINGDOCUMENTDATE;HEADERBILLINGBLOCKREASON;INTERNALFINANCIALDOCUMENT;PAYMENTGUARANTEEPROCEDURE;DEPRECIATIONPERCENTAGE;NEXTSHIPPINGDATE;CUSTOMERCREDITACCOUNT;CENTRALCREDITCHKTECHERRSTS;RELEASEDCREDITAMOUNT;CONTROLLINGAREACURRENCY;CREDITBLOCKRELEASEDATE;SOLDTOPARTY;CUSTOMERGROUP;SALESDISTRICT;TRANSACTIONCURRENCY;STATISTICSCURRENCY;OVERALLINTCOBILLINGSTATUS;OVERALLSDPROCESSSTATUS;TOTALBLOCKSTATUS;OVERALLDELIVCONFSTATUS;TRANSPORTATIONPLANNINGSTATUS;OVERALLPICKINGCONFSTATUS;OVERALLPICKINGSTATUS;OVERALLPACKINGSTATUS;OVERALLWAREHOUSEACTIVITYSTATUS;DISTRSTATUSBYDECENTRALIZEDWRHS;OVERALLGOODSMOVEMENTSTATUS;OVERALLDELIVRELTDBILLGSTATUS;OVERALLPROOFOFDELIVERYSTATUS;HDRGENERALINCOMPLETIONSTATUS;HEADERDELIVINCOMPLETIONSTATUS;HEADERPICKGINCOMPLETIONSTATUS;HEADERPACKINGINCOMPLETIONSTS;HDRGOODSMVTINCOMPLETIONSTATUS;HEADERBILLGINCOMPLETIONSTATUS;OVRLITMGENERALINCOMPLETIONSTS;OVRLITMPACKINGINCOMPLETIONSTS;OVRLITMPICKINGINCOMPLETIONSTS;OVRLITMDELIVINCOMPLETIONSTS;OVRLITMGDSMVTINCOMPLETIONSTS;TOTALCREDITCHECKSTATUS;FINDOCCREDITCHECKSTATUS;PAYTAUTHSNCREDITCHECKSTS;CENTRALCREDITCHECKSTATUS;EXPRTINSURCREDITCHECKSTATUS;MAXDOCVALUECREDITCHECKSTATUS;PAYMENTTERMCREDITCHECKSTATUS;SHIPPINGGROUPNUMBER;PRICINGDOCUMENT;SALESORGFORINTCOBILLING;DISTRCHNLFORINTCOBILLING;DIVISIONFORINTCOBILLING;INTERCOMPANYBILLINGTYPE;FACTORYCALENDARFORINTCOBILLING;INTERCOMPANYBILLINGCUSTOMER;DELIVERYDOCUMENTCONDITION;TOTALNETAMOUNT;REFERENCEDOCUMENTNUMBER;DELETIONINDICATOR;OVERALLCHMLCMPLNCSTATUS;OVERALLDANGEROUSGOODSSTATUS;OVERALLSAFETYDATASHEETSTATUS;OVERALLTRDCMPLNCEMBARGOSTS;OVRLTRDCMPLNCSNCTNDLISTCHKSTS;OVRLTRDCMPLNCLEGALCTRLCHKSTS;ISCORRECTIONDELIVERY;READYFORWAREHOUSEEXECSTATUS;DELIVADVNCDSHIPGRCVGRLVNCE;DELIVISQTYCRRTNADVNCSHIPGRCVG;EU_DELIVERYARCSTATUS;INTCOEXTACTLTRANSFOFCTRLDTETME;INTCOEXTPLNDTRANSFOFCTRLDTETME;INTCOEXTTRANSFOFCTRLDTETMETMZN;INTCOINTACTLTRANSFOFCTRLDTETME;INTCOINTPLNDTRANSFOFCTRLDTETME;INTCOINTTRANSFOFCTRLDTETMETMZN;LOGISTICSEXECUTIONSCENARIO
0080006409;J;LF;SAP_SYSTEM;20261001;132044;;00000000;1710;1710;;;;02;;;;;;;;;0.000;0.000;;0.000;;;;;;;;;0001;;20261001;;20211101;000000;00000;;20211104;000000;;;0017100003;;20211109;000000;01;;20211104;000000;TR0002;TR0002;;20211105;000000;00000000;000000;;EXW;Palo Alto;Palo Alto;;;0001;;;;00000000;000000;;PST;CST;00000000;20211105;;;000002;0.00;00000000;;;0.00;USD;00000000;0017100003;01;;USD;USD;;A;;;;;;;;;A;A;A;C;C;C;C;C;C;C;C;C;C;C;;;;;;;;;;;;;IV;;;;0.00;;;;;;;;;;;;;;0;0;;0;0;;
0080006410;J;LF;SAP_SYSTEM;20261001;132052;;00000000;1710;1710;;;;00;;;;;;;;;0.000;0.000;;0.000;;;;;;;;;0001;;20261001;;20230321;000000;00000;;20230321;000000;;;0017100001;;20230321;000000;01;;20230321;000000;TR0002;TR0002;;20230321;000000;00000000;000000;;EXW;Palo Alto;Palo Alto;;;0001;;;;00000000;000000;;PST;EST;00000000;20230321;;;;0.00;00000000;;;0.00;USD;00000000;0017100001;01;;USD;USD;;A;;;;;;;;;A;;;C;C;C;C;C;C;C;C;C;C;C;;;;;;;;;;;;;IV;;;;0.00;;;;;;;;;;;;;;0;0;;0;0;;
0080006411;J;LF;SAP_SYSTEM;20261002;132111;;00000000;1710;1710;;;;02;;;;;;;;;0.000;0.000;;0.000;;;;;;;;;0001;;20261002;;20211101;000000;00000;;20211104;000000;;;0017100003;;20211109;000000;01;;20211104;000000;TR0002;TR0002;;20211105;000000;00000000;000000;;EXW;Palo Alto;Palo Alto;;;0001;;;;00000000;000000;;PST;CST;00000000;20211105;;;000002;0.00;00000000;;;0.00;USD;00000000;0017100003;01;;USD;USD;;A;;;;;;;;;A;A;A;C;C;C;C;C;C;C;C;C;C;C;;;;;;;;;;;;;IV;;;;0.00;;;;;;;;;;;;;;0;0;;0;0;;
0080006412;J;LF;SAP_SYSTEM;20261002;132118;;00000000;1710;1710;;;;00;;;;;;;;;0.000;0.000;;0.000;;;;;;;;;0001;;20261002;;20230321;000000;00000;;20230321;000000;;;0017100001;;20230321;000000;01;;20230321;000000;TR0002;TR0002;;20230321;000000;00000000;000000;;EXW;Palo Alto;Palo Alto;;;0001;;;;00000000;000000;;PST;EST;00000000;20230321;;;;0.00;00000000;;;0.00;USD;00000000;0017100001;01;;USD;USD;;A;;;;;;;;;A;;;C;C;C;C;C;C;C;C;C;C;C;;;;;;;;;;;;;IV;;;;0.00;;;;;;;;;;;;;;0;0;;0;0;;
0080006413;J;LF;SAP_SYSTEM;20261003;170106;;00000000;1710;1710;;;;02;;;;;;;;;0.000;0.000;;0.000;;;;;;;;;0001;;20261003;;20211101;000000;00000;;20211104;000000;;;0017100003;;20211109;000000;01;;20211104;000000;TR0002;TR0002;;20211105;000000;00000000;000000;;EXW;Palo Alto;Palo Alto;;;0001;;;;00000000;000000;;PST;CST;00000000;20211105;;;000002;0.00;00000000;;;0.00;USD;00000000;0017100003;01;;USD;USD;;A;;;;;;;;;A;A;A;C;C;C;C;C;C;C;C;C;C;C;;;;;;;;;;;;;IV;;;;0.00;;;;;;;;;;;;;;0;0;;0;0;;
0080006414;J;LF;SAP_SYSTEM;20261003;170150;;00000000;1710;1710;;;;00;;;;;;;;;0.000;0.000;;0.000;;;;;;;;;0001;;20261003;;20230321;000000;00000;;20230321;000000;;;0017100001;;20230321;000000;01;;20230321;000000;TR0002;TR0002;;20230321;000000;00000000;000000;;EXW;Palo Alto;Palo Alto;;;0001;;;;00000000;000000;;PST;EST;00000000;20230321;;;;0.00;00000000;;;0.00;USD;00000000;0017100001;01;;USD;USD;;A;;;;;;;;;A;;;C;C;C;C;C;C;C;C;C;C;C;;;;;;;;;;;;;IV;;;;0.00;;;;;;;;;;;;;;0;0;;0;0;;
0080006415;J;LF;SAP_SYSTEM;20261005;074427;;00000000;1710;1710;;;;02;;;;;;;;;0.000;0.000;;0.000;;;;;;;;;0001;;20261005;;20211101;000000;00000;;20211104;000000;;;0017100003;;20211109;000000;01;;20211104;000000;TR0002;TR0002;;20211105;000000;00000000;000000;;EXW;Palo Alto;Palo Alto;;;0001;;;;00000000;000000;;PST;CST;00000000;20211105;;;000002;0.00;00000000;;;0.00;USD;00000000;0017100003;01;;USD;USD;;A;;;;;;;;;A;A;A;C;C;C;C;C;C;C;C;C;C;C;;;;;;;;;;;;;IV;;;;0.00;;;;;;;;;;;;;;0;0;;0;0;;
0080006416;J;LF;SAP_SYSTEM;20261005;074448;;00000000;1710;1710;;;;00;;;;;;;;;0.000;0.000;;0.000;;;;;;;;;0001;;20261005;;20230321;000000;00000;;20230321;000000;;;0017100001;;20230321;000000;01;;20230321;000000;TR0002;TR0002;;20230321;000000;00000000;000000;;EXW;Palo Alto;Palo Alto;;;0001;;;;00000000;000000;;PST;EST;00000000;20230321;;;;0.00;00000000;;;0.00;USD;00000000;0017100001;01;;USD;USD;;A;;;;;;;;;A;;;C;C;C;C;C;C;C;C;C;C;C;;;;;;;;;;;;;IV;;;;0.00;;;;;;;;;;;;;;0;0;;0;0;;
0080006417;J;LF;ARIA;20261005;104813;ARIA;20261005;1710;1710;;;;00;;;;;;;;;57.000;48.600;KG;0.540;M3;;;;;;;;0002;;20261005;;20261005;000000;00000;;20261005;000000;;;0017100001;;20261005;000000;01;;20261005;000000;TR0002;TR0002;;20261005;000000;20261005;034840;;EXW;Palo Alto;Palo Alto;;;0001;;;;00000000;000000;;PST;EST;00000000;20261005;;;;0.00;00000000;0017100001;;0.00;USD;00000000;0017100001;01;;USD;USD;;C;;;;;C;;;;C;;;C;C;C;C;C;C;C;C;C;C;C;;;;;;;;;;;;;IV;;;;0.00;;;;;;;;;;;;;;0;0;;0;0;;
0080006418;J;LF;ARIA;20261005;111149;ARIA;20261005;1710;1710;;;X;00;;;;;;;;;25.000;22.500;G;0.000;;;;;;;;;0004;;20261005;;20261005;000000;00000;;20261008;000000;;;USCU_S01;;20261009;000000;01;;20261008;000000;;;;20261009;000000;20261005;041307;;CFR;Cost & Freight;Cost & Freight;;;;;;;00000000;000000;;PST;EST;00000000;20261005;;;000002;0.00;00000000;;;0.00;USD;00000000;USCU_S01;Z1;;USD;USD;;C;;;;;C;;;;C;C;;C;C;C;C;C;C;C;C;C;C;C;;;;;;;;;;;;;IV;;;;0.00;;;;;;;;;;;;;;0;0;;0;0;;
0080006419;J;LF;SAP_SYSTEM;20261005;132030;;00000000;1710;1710;;;;02;;;;;;;;;0.000;0.000;;0.000;;;;;;;;;0001;;20261005;;20211101;000000;00000;;20211104;000000;;;0017100003;;20211109;000000;01;;20211104;000000;TR0002;TR0002;;20211105;000000;00000000;000000;;EXW;Palo Alto;Palo Alto;;;0001;;;;00000000;000000;;PST;CST;00000000;20211105;;;000002;0.00;00000000;;;0.00;USD;00000000;0017100003;01;;USD;USD;;A;;;;;;;;;A;A;A;C;C;C;C;C;C;C;C;C;C;C;;;;;;;;;;;;;IV;;;;0.00;;;;;;;;;;;;;;0;0;;0;0;;
0080006420;J;LF;SAP_SYSTEM;20261005;132032;;00000000;1710;1710;;;X;00;;;;;;;;;0.017;0.016;KG;0.000;;;;;;;;;0001;;20261005;;20261005;000000;00000;;20261008;000000;;;USCU_S01;;20261009;000000;01;;20261008;000000;;;;20261009;000000;00000000;000000;;CFR;Cost & Freight;Cost & Freight;;;0001;;;;00000000;000000;;PST;EST;00000000;20261009;;;000002;0.00;00000000;;;0.00;USD;00000000;USCU_S01;Z1;;USD;USD;;A;;;;;A;;;;A;A;;C;C;C;C;C;C;C;C;C;C;C;;;;;;;;;;;;;IV;;;;0.00;;;;;;;;;;;;;;0;0;;0;0;;
0080006421;J;LF;SAP_SYSTEM;20261005;132037;;00000000;1710;1710;;;;00;;;;;;;;;0.000;0.000;;0.000;;;;;;;;;0001;;20261005;;20230321;000000;00000;;20230321;000000;;;0017100001;;20230321;000000;01;;20230321;000000;TR0002;TR0002;;20230321;000000;00000000;000000;;EXW;Palo Alto;Palo Alto;;;0001;;;;00000000;000000;;PST;EST;00000000;20230321;;;;0.00;00000000;;;0.00;USD;00000000;0017100001;01;;USD;USD;;A;;;;;;;;;A;;;C;C;C;C;C;C;C;C;C;C;C;;;;;;;;;;;;;IV;;;;0.00;;;;;;;;;;;;;;0;0;;0;0;;
0080006422;J;LF;SAP_SYSTEM;20261005;132038;;00000000;1710;1710;;;;00;;;;;;;;;57.000;48.600;KG;0.540;M3;;;;;;;;0001;;20261005;;20261007;000000;00000;;20261007;000000;;;0017100001;;20261007;000000;01;;20261007;000000;TR0002;TR0002;;20261007;000000;00000000;000000;;EXW;Palo Alto;Palo Alto;;;0001;;;;00000000;000000;;PST;EST;00000000;20261007;;;;0.00;00000000;0017100001;;0.00;USD;00000000;0017100001;01;;USD;USD;;A;;;;;A;;;;A;;;C;C;C;C;C;C;C;C;C;C;C;;;;;;;;;;;;;IV;;;;0.00;;;;;;;;;;;;;;0;0;;0;0;;
0080006423;J;LF;ARIA;20261005;135011;ARIA;20261005;1710;1710;;;X;00;;;;;;;X;;22.000;19.800;G;0.000;;;;;;;;;0002;;20261005;;20261005;000000;00000;;20261008;000000;;;0001000569;;20261009;000000;;;20261008;000000;;;;20261009;000000;20261005;065051;;CFR;Cost & Freight;Cost & Freight;;;;;;;00000000;000000;;PST;CET;00000000;20261005;;;000002;0.00;00000000;;;0.00;USD;00000000;0001000569;;;USD;USD;;C;;;;;C;;;;C;C;;C;C;C;C;C;C;C;C;C;C;C;;;;;;;;;;;;;IV;;;;0.00;;;;;;;;;;;;;;0;0;;0;0;;
0080006424;J;LF;SAP_SYSTEM;20261006;132059;;00000000;1710;1710;;;;02;;;;;;;;;0.000;0.000;;0.000;;;;;;;;;0001;;20261006;;20211101;000000;00000;;20211104;000000;;;0017100003;;20211109;000000;01;;20211104;000000;TR0002;TR0002;;20211105;000000;00000000;000000;;EXW;Palo Alto;Palo Alto;;;0001;;;;00000000;000000;;PST;CST;00000000;20211105;;;000002;0.00;00000000;;;0.00;USD;00000000;0017100003;01;;USD;USD;;A;;;;;;;;;A;A;A;C;C;C;C;C;C;C;C;C;C;C;;;;;;;;;;;;;IV;;;;0.00;;;;;;;;;;;;;;0;0;;0;0;;
0080006425;J;LF;SAP_SYSTEM;20261006;132107;;00000000;1710;1710;;;;00;;;;;;;;;0.000;0.000;;0.000;;;;;;;;;0001;;20261006;;20230321;000000;00000;;20230321;000000;;;0017100001;;20230321;000000;01;;20230321;000000;TR0002;TR0002;;20230321;000000;00000000;000000;;EXW;Palo Alto;Palo Alto;;;0001;;;;00000000;000000;;PST;EST;00000000;20230321;;;;0.00;00000000;;;0.00;USD;00000000;0017100001;01;;USD;USD;;A;;;;;;;;;A;;;C;C;C;C;C;C;C;C;C;C;C;;;;;;;;;;;;;IV;;;;0.00;;;;;;;;;;;;;;0;0;;0;0;;
0080006426;J;LF;SAP_SYSTEM;20261006;132109;;00000000;1710;1710;;;X;00;;;;;;;X;;76.000;68.400;G;0.000;;;;;;;;;0001;;20261006;;20261005;000000;00000;;20261008;000000;;;0001000569;;20261009;000000;;;20261008;000000;;;;20261009;000000;00000000;000000;;CFR;Cost & Freight;Cost & Freight;;;;;;;00000000;000000;;PST;CET;00000000;20261009;;;000002;0.00;00000000;;;0.00;USD;00000000;0001000569;;;USD;USD;;A;;;;;A;;;;A;A;;C;C;C;C;C;C;C;C;C;C;C;;;;;;;;;;;;;IV;;;;0.00;;;;;;;;;;;;;;0;0;;0;0;;
