PURCHASECONTRACT;PURCHASECONTRACTITEM;DOCUMENTCURRENCY;ORDERQUANTITYUNIT;TARGETQUANTITY;STORAGELOCATION;MATERIALGROUP;MATERIAL;CONTRACTNETPRICEAMOUNT;NETPRICEQUANTITY;PURCHASINGDOCUMENTITEMCATEGORY;INVOICEISEXPECTED;PURCHASECONTRACTITEMTEXT;INVOICEISGOODSRECEIPTBASED;GOODSRECEIPTISEXPECTED;PLANT;EVALDRCPTSETTLMTISALLOWED;TARGETAMOUNT;PURCHASECONTRACTTYPE;PURCHASINGDOCUMENTCATEGORY;PURCHASINGGROUP;PURCHASINGORGANIZATION;VALIDITYSTARTDATE;VALIDITYENDDATE;SUPPLIER;INVOICINGPARTY;SUPPLYINGSUPPLIER;CREATIONDATE;LASTCHANGEDATETIME;EXCHANGERATE;ORDERPRICEUNIT;VOLUMEUNIT;CUSTOMER;SUBCONTRACTOR;REFERENCEDELIVERYADDRESSID;MANUALDELIVERYADDRESSID;DELIVERYADDRESSID;ACCOUNTASSIGNMENTCATEGORY;MULTIPLEACCTASSGMTDISTRIBUTION;ORDPRICEUNITTOORDERUNITDNMNTR;ORDERPRICEUNITTOORDERUNITNMRTR;SUPPLIERMATERIALNUMBER;UNDERDELIVTOLRTDLMTRATIOINPCT;PRICEISTOBEPRINTED;SUPPLIERCONFIRMATIONCONTROLKEY;OVERDELIVTOLRTDLMTRATIOINPCT;UNLIMITEDOVERDELIVERYISALLOWED;PURGDOCPRICEDATE;PURCHASINGINFORECORDUPDATECODE;PURGDOCRELEASEORDERQUANTITY;PURGDOCORDERACKNNUMBER;PURCHASINGPRICEISESTIMATED;ISINFOATREGISTRATION;NODAYSREMINDER1;NODAYSREMINDER2;NODAYSREMINDER3;STOCKTYPE;TAXCODE;REQUIREMENTTRACKING;ISORDERACKNRQD;SHIPPINGINSTRUCTION;GOODSRECEIPTISNONVALUATED;SERVICEPERFORMER;PRODUCTTYPECODE;MATERIALTYPE;PURCHASECONTRACTITEMFORMATTED;PURCHASINGCONTRACTDELETIONCODE;PURCHASECONTRACTITEMUNIQUEID;PURCHASINGCATEGORY;PURGCATNAME
4600000031;00010;USD;ST;100.000;;L001;TG10;12.46;1;0;X;Trad.Good 10,PD,Third Party;X;X;1710;;1246.00;MK;K;001;1710;20211116;20261216;0017300001;0017300001;;20211115;20261002125949.5361410;1.00000;ST;M3;;;;0000023407;;;;1;1;;10.0;;;0.0;X;00000000;;10.000;;;;0;0;0;;;;;;;;1;HAWA;460000003100010;;460000003100010;00000000000000000031;PurchCateg_09.10PP
4600000041;00030;USD;ST;200.000;;L001;TG11;13.50;1;0;X;Trad.Good 11,PD,Reg.Trading;;X;1710;;2700.00;MK;K;001;1710;20261002;20271231;0001000559;;;20261002;20261002135433.8342040;1.00000;ST;M3;;;;0000023407;;;;1;1;;0.0;X;;0.0;;99991231;;1.000;;;;0;0;0;;;;;;;;1;HAWA;460000004100030;;460000004100030;00000000000000000031;PurchCateg_09.10PP
4600000041;00020;USD;ST;150.000;;L001;TG20;12.00;1;0;X;Trad.Good 20,Reorder Point,SerialNo;;X;1710;;1800.00;MK;K;001;1710;20261002;20271231;0001000559;;;20261002;20261002135433.8342040;1.00000;ST;M3;;;;0000023407;;;;1;1;;0.0;X;;0.0;;99991231;;1.000;;;;0;0;0;;;;;;;;1;HAWA;460000004100020;;460000004100020;00000000000000000031;PurchCateg_09.10PP
4600000041;00010;USD;ST;100.000;;L001;TG10;11.59;1;0;X;Trad.Good 10,PD,Third Party;;X;1710;;1159.00;MK;K;001;1710;20261002;20271231;0001000559;;;20261002;20261002135433.8342040;1.00000;ST;M3;;;;0000023407;;;;1;1;;0.0;X;;0.0;;99991231;;1.000;;;;0;0;0;;;;;;;;1;HAWA;460000004100010;;460000004100010;00000000000000000031;PurchCateg_09.10PP
4600000040;00010;USD;ST;182.000;;L001;TG10;12.35;1;0;X;Trad.Good 10,PD,Third Party;X;X;1710;;2247.70;MK;K;001;1710;20261002;20271002;0017300001;0017300001;;20261002;20261002132044.4440510;1.00000;ST;M3;;;;0000023407;;;;1;1;TG12;10.0;X;0001;0.0;X;99991231;;10.000;;;;0;0;0;;I1;;X;;;;1;HAWA;460000004000010;;460000004000010;00000000000000000031;PurchCateg_09.10PP
4600000040;00030;USD;ST;412.000;;L001;TG0001;10.00;1;0;X;Trading Good for Consumption;;X;1710;;4120.00;MK;K;001;1710;20261002;20271002;0017300001;0017300001;;20261002;20261002132044.4440510;1.00000;ST;;;;;0000023407;;;;1;1;;10.0;X;;10.0;;99991231;;10.000;;;;0;0;0;;I1;;;;;;1;MAT;460000004000030;;460000004000030;00000000000000000031;PurchCateg_09.10PP
4600000040;00020;USD;ST;466.000;;L001;TG24;100.00;1;0;X;Trad.Good 24, Adv. SR;;X;1710;;46600.00;MK;K;001;1710;20261002;20271002;0017300001;0017300001;;20261002;20261002132044.4440510;1.00000;ST;M3;;;;0000023407;;;;1;1;;10.0;X;0004;10.0;;00000000;;10.000;;;;0;0;0;;I1;;;;;;1;HAWA;460000004000020;;460000004000020;00000000000000000031;PurchCateg_09.10PP
4600000031;00030;USD;ST;400.000;;L001;TG0001;1.00;1;0;X;Trading Good for Consumption;;X;1710;;400.00;MK;K;001;1710;20211116;20261216;0017300001;0017300001;;20211115;20261002125949.5361410;1.00000;ST;;;;;0000023407;;;;1;1;;10.0;X;;10.0;;99991231;;10.000;;;;0;0;0;;I1;;;;;;1;MAT;460000003100030;;460000003100030;00000000000000000031;PurchCateg_09.10PP
4600000031;00020;USD;ST;500.000;;L001;TG24;13.50;1;0;X;Trad.Good 24, Adv. SR;;X;1710;;6750.00;MK;K;001;1710;20211116;20261216;0017300001;0017300001;;20211115;20261002125949.5361410;1.00000;ST;M3;;;;0000023407;;;;1;1;;10.0;X;0004;10.0;;99991231;;10.000;;;;0;0;0;;I1;;;;;;1;HAWA;460000003100020;;460000003100020;00000000000000000031;PurchCateg_09.10PP
