MATERIALDOCUMENTKEY1;MATERIALDOCUMENTKEY2;MATERIALDOCUMENTKEY3;MATERIALDOCUMENTKEY4;MATERIALDOCUMENTKEY5;MATERIALDOCUMENTKEY6;MATERIALDOCUMENTYEAR;MATERIALDOCUMENT;MATERIALDOCUMENTITEM;STOCKIDENTIFYINGMATERIAL;PLANT;STOCKIDFGSTORAGELOCATION;STOCKIDENTIFYINGBATCH;SPECIALSTOCKIDFGSUPPLIER;SPECIALSTOCKIDFGSALESORDER;SPECIALSTOCKIDFGSALESORDERITEM;SPECIALSTOCKIDFGWBSELEMENT;SPECIALSTOCKIDFGCUSTOMER;INVENTORYSPECIALSTOCKTYPE;INVENTORYSTOCKTYPE;SPECIALSTOCKIDFGSTOCKOWNER;RESOURCEID;COSTESTIMATE;STORAGELOCATION;MATERIAL;BATCH;STOCKOWNER;COMPANYCODE;INVENTORYSPECIALSTOCKVALNTYPE;COMPANYCODECURRENCY;MATERIALBASEUNIT;ENTRYUNIT;ORDERQUANTITYUNIT;ISREVERSALMOVEMENTTYPE;INVENTORYTRANSACTIONTYPE;CONSUMPTIONPOSTING;GOODSRECEIPTTYPE;ISSUINGORRECEIVINGPLANT;ISSUINGORRECEIVINGSTORAGELOC;ISSGORRCVGMATERIAL;ISSGORRCVGBATCH;ISSGORRCVGSPCLSTOCKIND;ISSUINGORRECEIVINGSTOCKTYPE;ISSUINGORRECEIVINGVALTYPE;ISSGORRCVGRESOURCEID;GOODSMOVEMENTISCANCELLED;REVERSEDMATERIALDOCUMENT;REVERSEDMATERIALDOCUMENTITEM;REVERSEDMATERIALDOCUMENTYEAR;DOCUMENTDATE;ACCOUNTINGDOCUMENTTYPE;CREATIONDATE;CREATIONTIME;POSTINGDATE;FISCALYEARVARIANT;FISCALYEAR;FISCALYEARPERIOD;YEARDAY;YEARWEEK;YEARMONTH;YEARQUARTER;CALENDARQUARTER;CALENDARMONTH;CALENDARWEEK;CALENDARDAY;WEEKDAY;SALESORDER;SALESORDERITEM;SALESORDERSCHEDULELINE;PURCHASEORDER;PURCHASEORDERITEM;PROJECTNETWORK;DELIVERYDOCUMENT;DELIVERYDOCUMENTITEM;WBSELEMENTINTERNALID;MANUFACTURINGORDER;MANUFACTURINGORDERITEM;REFERENCEDOCUMENT;GOODSISSUEORRECEIPTSLIPNUMBER;REFERENCEDOCUMENTFISCALYEAR;INVTRYMGMTREFDOCUMENTITEM;INVTRYMGMTREFERENCEDOCUMENT;GOODSMOVEMENTTYPE;INVENTORYVALUATIONTYPE;CREATEDBYUSER;SUPPLIER;CUSTOMER;ISMATERIALDOCUMENTHEADER;MATERIALDOCUMENTHEADERTEXT;MATERIALDOCUMENTITEMTEXT;ISCOMPLETELYDELIVERED;GOODSRECIPIENTNAME;UNLOADINGPOINTNAME;GOODSMOVEMENTREFDOCTYPE;GOODSMOVEMENTREASONCODE;SHELFLIFEEXPIRATIONDATE;MANUFACTUREDATE;SERIALNUMBERSARECREATEDAUTOMLY;VERSIONFORPRINTINGSLIP;MANUALPRINTISTRIGGERED;ACCOUNTASSIGNMENTCATEGORY;COSTCENTER;CONTROLLINGAREA;COSTOBJECT;GLACCOUNT;FUNCTIONALAREA;PROFITABILITYSEGMENT;PROFITABILITYSEGMENT_2;PROFITCENTER;MASTERFIXEDASSET;FIXEDASSET;FUNDSCENTER;FUND;COMMITMENTITEMSHORTID;GRANTID;RESERVATION;RESERVATIONITEM;RESERVATIONISFINALLYISSUED;DEBITCREDITCODE;TOTALGOODSMVTAMTINCCCRCY;GOODSMOVEMENTSTKAMTINCCCRCY;GOODSMVTCNSMPNAMTINCCCRCY;GDSMVTEXTAMTINCOCODECRCY;SLSPRCAMTINCLVATINCOCODECRCY;ENTEREDSLSAMTINCOCODECRCY;MATLSTKCHANGEQTYINBASEUNIT;MATLCNSMPNQTYINMATLBASEUNIT;QUANTITYINBASEUNIT;QUANTITYINENTRYUNIT;GOODSRECEIPTQTYINORDERUNIT;TRANSACTIONCODE;ISAUTOMATICALLYCREATED;MATERIALDOCUMENTLINE;MATERIALDOCUMENTPARENTLINE;HIERARCHYNODELEVEL
000D3ABE;2E291FD1;AFC8FF1A78;02;00;00;2026;5000002930;0001;TG11;1710;171A;;;;000000;00000000;;;01;;;000100000002;171A;TG11;;;1710;;USD;ST;ST;ST;;WE;;;;;;;;;;;;;0000;0000;20261005;WE;20261002;115916;20261005;K4;2026;2026010;2026278;202641;202610;20264;4;10;41;278;1;;000000;0000;4500002143;00010;;;000000;00000000;;0000;;;0000;0000;;101;;ARIA;0017300001;;1;;;X;;;B;0000;00000000;00000000;;1;;;;A000;;;;0000000000;;YB700;;;;;;;0000000000;0000;;S;15.00;15.00;0.00;0.00;0.00;0.00;1.00000000000000;0.00000000000000;1.000;1.000;1.000;MIGO_GR;;000001;000000;00
000D3ABE;2E291FD1;AFCBF21BB2;99;A0;00;2026;5000002931;0001;TG20;1710;171B;;;;000000;00000000;;;01;;;000100000010;171B;TG20;;;1710;;USD;ST;ST;ST;;WE;;;;;;;;;;;;;0000;0000;20261002;WE;20261002;144828;20261002;K4;2026;2026010;2026275;202640;202610;20264;4;10;40;275;5;;000000;0000;4500002146;00020;;;000000;00000000;;0000;;;2026;0001;5000002931;101;;ARIA;0001000559;;1;;;;;;B;0000;00000000;00000000;;1;;;;A000;;;;0000000000;;YB700;;;;;;;0000000000;0000;;S;36.00;36.00;0.00;0.00;0.00;0.00;3.00000000000000;0.00000000000000;3.000;3.000;3.000;MIGO_GR;;000002;000000;00
000D3ABE;2E291FD1;B091FD57F4;71;80;00;2026;4900008951;0001;TG11;1710;171A;;;;000000;00000000;;;01;;;000100000002;171A;TG11;;;1710;;USD;ST;ST;;;WA;;;;;;;;;;;;;0000;0000;20261005;WA;20261005;093923;20261005;K4;2026;2026010;2026278;202641;202610;20264;4;10;41;278;1;;000000;0000;;00000;;;000000;00000000;;0000;;;0000;0000;;501;;ARIA;;;1;;;;;;;0000;00000000;00000000;;1;;;;A000;;0054070000;YB20;0000000000;;YB700;;;;;;;0000000000;0000;;S;1378.38;1378.38;0.00;0.00;0.00;0.00;100.00000000000000;0.00000000000000;100.000;100.000;0.000;MIGO_GI;;000001;000000;00
000D3ABE;2E291FD1;B0932F3B7B;64;E0;00;2026;4900008952;0001;TG11;1710;171A;;;0000006319;000020;00000000;;E;01;;;000100021300;171A;TG11;;;1710;M;USD;ST;ST;;X;WA;;;1710;171A;TG11;;;01;;;;;0000;0000;20261005;WA;20261005;104803;20261005;K4;2026;2026010;2026278;202641;202610;20264;4;10;41;278;1;;000000;0000;;00000;;;000000;00000000;;0000;;;0000;0000;;412;;ARIA;;;1;;;;;;;0000;00000000;00000000;;2;;;;A000;;;;0000000000;;YB700;;;;;;;0000000000;0000;;S;41.34;41.34;0.00;0.00;0.00;0.00;3.00000000000000;0.00000000000000;3.000;3.000;0.000;MIGO_TR;;000001;000000;00
000D3ABE;2E291FD1;B0932F3B7B;65;00;00;2026;4900008952;0002;TG11;1710;171A;;;;000000;00000000;;;01;;;000100000002;171A;TG11;;;1710;;USD;ST;ST;;X;WA;;;1710;171A;TG11;;E;01;;;;;0000;0000;20261005;WA;20261005;104803;20261005;K4;2026;2026010;2026278;202641;202610;20264;4;10;41;278;1;0000006319;000020;0000;;00000;;;000000;00000000;;0000;;;0000;0000;;412;;ARIA;;;0;;;;;;;0000;00000000;00000000;;2;;;;A000;;;;0000000000;;YB700;;;;;;;0000000000;0000;;H;41.34;-41.34;0.00;0.00;0.00;0.00;-3.00000000000000;0.00000000000000;3.000;3.000;0.000;MIGO_TR;X;000002;000001;00
000D3ABE;2E291FD1;B0933214D5;96;E0;00;2026;4900008953;0001;TG11;1710;171A;;;0000006319;000020;00000000;;E;01;;;000100021300;171A;TG11;;;1710;M;USD;ST;ST;;;WL;;;1710;;TG11;;W;01;;;;;0000;0000;20261005;WL;20261005;104840;20261005;K4;2026;2026010;2026278;202641;202610;20264;4;10;41;278;1;;000000;0000;;00000;;0080006417;000020;00000000;;0000;0080006417;;0000;0000;;631;;ARIA;;0017100001;1;;;;0017100001;;L;0000;00000000;00000000;;;;;;A000;;;;0000000000;;YB700;;;;;;;0000000000;0000;;H;41.34;-41.34;0.00;0.00;0.00;0.00;-3.00000000000000;0.00000000000000;3.000;3.000;0.000;VL02N;;000001;000000;00
000D3ABE;2E291FD1;B0933214D5;97;00;00;2026;4900008953;0002;TG11;1710;;;;;000000;00000000;0017100001;W;01;;;000100000002;;TG11;;;1710;;USD;ST;ST;;;WL;;;1710;171A;TG11;;E;01;;;;;0000;0000;20261005;WL;20261005;104840;20261005;K4;2026;2026010;2026278;202641;202610;20264;4;10;41;278;1;0000006319;000020;0000;;00000;;0080006417;000020;00000000;;0000;0080006417;;0000;0000;;631;;ARIA;;0017100001;0;;;;0017100001;;L;0000;00000000;00000000;;;;;;A000;;;;0000000000;;YB700;;;;;;;0000000000;0000;;S;41.34;41.34;0.00;0.00;0.00;0.00;3.00000000000000;0.00000000000000;3.000;3.000;0.000;VL02N;X;000002;000001;00
000D3ABE;2E291FD1;B0939F6438;F4;00;00;2026;4900008954;0001;MZ-TG-Y240;1710;171A;;;;000000;00000000;;;01;;;000100000460;171A;MZ-TG-Y240;;;1710;;USD;ST;ST;;;WL;V;;;;;;;;;;;;0000;0000;20261005;WL;20261005;111307;20261005;K4;2026;2026010;2026278;202641;202610;20264;4;10;41;278;1;;000000;0000;;00000;;0080006418;000010;00000000;;0000;0080006418;;0000;0000;;601;;ARIA;;USCU_S01;1;;;;USCU_S01;;L;0000;00000000;00000000;;;;;;A000;;0054083000;YB18;0000104932;0000104932;US10_TGY1;;;;;;;0000000000;0000;;H;1735.60;-1735.60;1735.60;0.00;0.00;0.00;-20.00000000000000;20.00000000000000;20.000;20.000;0.000;VL02N;;000001;000000;00
000D3ABE;2E291FD1;B0939F6438;F4;20;00;2026;4900008954;0002;MZ-TG-Y200;1710;171A;;;;000000;00000000;;;01;;;000100000458;171A;MZ-TG-Y200;;;1710;;USD;ST;ST;;;WL;V;;;;;;;;;;;;0000;0000;20261005;WL;20261005;111307;20261005;K4;2026;2026010;2026278;202641;202610;20264;4;10;41;278;1;;000000;0000;;00000;;0080006418;000020;00000000;;0000;0080006418;;0000;0000;;601;;ARIA;;USCU_S01;0;;;;USCU_S01;;L;0000;00000000;00000000;;;;;;A000;;0054083000;YB18;0000104933;0000104933;US10_TGY1;;;;;;;0000000000;0000;;H;340.35;-340.35;340.35;0.00;0.00;0.00;-5.00000000000000;5.00000000000000;5.000;5.000;0.000;VL02N;;000002;000000;00
000D3ABE;2E291FD1;B0956C55C6;50;00;00;2026;5000002940;0001;TG20;1710;171B;;;;000000;00000000;;;01;;;000100000010;171B;TG20;;;1710;;USD;ST;ST;ST;;WE;;;;;;;;;;;;;0000;0000;20261005;WE;20261005;125613;20261005;K4;2026;2026010;2026278;202641;202610;20264;4;10;41;278;1;;000000;0000;4500002146;00020;;;000000;00000000;;0000;;;2026;0001;5000002940;101;;ARIA;0001000559;;1;;;;;;B;0000;00000000;00000000;;1;;;;A000;;;;0000000000;;YB700;;;;;;;0000000000;0000;;S;84.00;84.00;0.00;0.00;0.00;0.00;7.00000000000000;0.00000000000000;7.000;7.000;7.000;MIGO_GR;;000002;000000;00
000D3ABE;2E291FD1;B096606F99;DF;80;00;2026;4900008955;0001;MZ-TG-Y240;1710;171A;;;;000000;00000000;;;01;;;000100000460;171A;MZ-TG-Y240;;;1710;;USD;ST;ST;;;WL;V;;;;;;;;;;;;0000;0000;20261005;WL;20261005;135051;20261005;K4;2026;2026010;2026278;202641;202610;20264;4;10;41;278;1;;000000;0000;;00000;;0080006423;000010;00000000;;0000;0080006423;;0000;0000;;601;;ARIA;;0001000569;1;;;;0001000569;;L;0000;00000000;00000000;;;;;;A000;;0054083000;YB18;0000104945;0000104945;US10_TGY1;;;;;;;0000000000;0000;;H;1301.70;-1301.70;1301.70;0.00;0.00;0.00;-15.00000000000000;15.00000000000000;15.000;15.000;0.000;VL02N;;000001;000000;00
000D3ABE;2E291FD1;B096606F99;DF;A0;00;2026;4900008955;0002;MZ-TG-Y200;1710;171A;;;;000000;00000000;;;01;;;000100000458;171A;MZ-TG-Y200;;;1710;;USD;ST;ST;;;WL;V;;;;;;;;;;;;0000;0000;20261005;WL;20261005;135051;20261005;K4;2026;2026010;2026278;202641;202610;20264;4;10;41;278;1;;000000;0000;;00000;;0080006423;000020;00000000;;0000;0080006423;;0000;0000;;601;;ARIA;;0001000569;0;;;;0001000569;;L;0000;00000000;00000000;;;;;;A000;;0054083000;YB18;0000104946;0000104946;US10_TGY1;;;;;;;0000000000;0000;;H;476.49;-476.49;476.49;0.00;0.00;0.00;-7.00000000000000;7.00000000000000;7.000;7.000;0.000;VL02N;;000002;000000;00
000D3ABE;2E291FD1;B096DDC5F5;60;60;00;2026;5000002941;0001;TG11;1710;171A;;;;000000;00000000;;;01;;;000100000002;171A;TG11;;;1710;;USD;ST;ST;ST;;WE;;;;;;;;;;;;;0000;0000;20261005;WE;20261005;141853;20261005;K4;2026;2026010;2026278;202641;202610;20264;4;10;41;278;1;;000000;0000;4500002146;00010;;;000000;00000000;;0000;;;0000;0000;;101;;ARIA;0001000559;;1;;;;;;B;0000;00000000;00000000;;1;;;;A000;;;;0000000000;;YB700;;;;;;;0000000000;0000;;S;40.50;40.50;0.00;0.00;0.00;0.00;3.00000000000000;0.00000000000000;3.000;3.000;3.000;MIGO_GR;;000001;000000;00
